Rk,Team,Overall,Home,Road,E,W,A,C,SE,NW,P,SW,≤3,≥10,Apr,May,Jun,Year,Wins,Champion,Conference_Champion,Aug,Sep,Oct,Jul,M,Mar,E_Wins,E_Losses,W_Wins,W_Losses,E_Games,W_Games
1,Oklahoma City Thunder,16-7,11-2,5-5,4-3,12-4,,4-3,,8-4,,4-0,2-2,10-3,4-0,8-4,4-3,2025,16.0,1,1,,,,,,,,,,,,
2,Indiana Pacers,15-8,8-3,7-5,12-4,3-4,4-2,8-2,,3-4,,,4-0,5-6,4-1,8-3,3-4,2025,15.0,0,1,,,,,,,,,,,,
3,New York Knicks,10-8,4-5,6-3,10-8,,4-2,6-6,,,,,5-2,3-3,3-2,7-6,,2025,10.0,0,0,,,,,,,,,,,,
4,Minnesota Timberwolves,9-6,5-2,4-4,,9-6,,,,1-4,8-2,,1-1,5-4,4-1,5-5,,2025,9.0,0,0,,,,,,,,,,,,
5,Denver Nuggets,7-7,5-2,2-5,,7-7,,,,3-4,4-3,,3-1,3-3,3-2,4-5,,2025,7.0,0,0,,,,,,,,,,,,
6,Boston Celtics,6-5,4-2,2-3,6-5,,2-4,,4-1,,,,0-3,4-1,4-1,2-4,,2025,6.0,0,0,,,,,,,,,,,,
7,Cleveland Cavaliers,5-4,2-3,3-1,5-4,,,1-4,4-0,,,,0-1,4-1,4-0,1-4,,2025,5.0,0,0,,,,,,,,,,,,
8,Golden State Warriors,5-7,2-3,3-4,,5-7,,,,1-4,,4-3,1-0,4-4,3-2,2-5,,2025,5.0,0,0,,,,,,,,,,,,
9,Houston Rockets,3-4,2-2,1-2,,3-4,,,,,3-4,,0-1,2-3,2-3,1-1,,2025,3.0,0,0,,,,,,,,,,,,
10,Los Angeles Clippers,3-4,2-1,1-3,,3-4,,,,3-4,,,1-2,1-2,2-3,1-1,,2025,3.0,0,0,,,,,,,,,,,,
11,Detroit Pistons,2-4,0-3,2-1,2-4,,2-4,,,,,,1-3,0-1,2-3,0-1,,2025,2.0,0,0,,,,,,,,,,,,
12,Los Angeles Lakers,1-4,1-2,0-2,,1-4,,,,1-4,,,0-1,0-2,1-4,,,2025,1.0,0,0,,,,,,,,,,,,
13,Milwaukee Bucks,1-4,1-1,0-3,1-4,,,1-4,,,,,0-1,1-2,1-4,,,2025,1.0,0,0,,,,,,,,,,,,
14,Orlando Magic,1-4,1-1,0-3,1-4,,1-4,,,,,,1-0,0-2,1-4,,,2025,1.0,0,0,,,,,,,,,,,,
15,Memphis Grizzlies,0-4,0-2,0-2,,0-4,,,,0-4,,,0-1,0-2,0-4,,,2025,0.0,0,0,,,,,,,,,,,,
16,Miami Heat,0-4,0-2,0-2,0-4,,,0-4,,,,,,0-3,0-4,,,2025,0.0,0,0,,,,,,,,,,,,
1,Boston Celtics,16-3,9-2,7-1,12-2,4-1,,8-1,4-1,,,4-1,2-0,10-3,3-1,9-1,4-1,2024,16.0,1,1,,,,,,,,,,,,
2,Dallas Mavericks,13-9,6-4,7-5,1-4,12-5,1-4,,,8-3,4-2,,4-0,6-4,2-2,10-3,1-4,2024,13.0,0,1,,,,,,,,,,,,
3,Minnesota Timberwolves,9-7,3-5,6-2,,9-7,,,,4-3,4-0,1-4,0-2,5-3,4-0,5-7,,2024,9.0,0,0,,,,,,,,,,,,
4,Indiana Pacers,8-9,6-2,2-7,8-9,,4-7,4-2,,,,,1-2,6-4,3-2,5-7,,2024,8.0,0,0,,,,,,,,,,,,
5,Denver Nuggets,7-5,4-3,3-2,,7-5,,,,3-4,4-1,,2-0,3-3,4-1,3-4,,2024,7.0,0,0,,,,,,,,,,,,
6,New York Knicks,7-6,5-2,2-4,7-6,,4-2,3-4,,,,,2-0,1-4,3-2,4-4,,2024,7.0,0,0,,,,,,,,,,,,
7,Oklahoma City Thunder,6-4,3-2,3-2,,6-4,,,,,,6-4,1-1,3-1,4-0,2-4,,2024,6.0,0,0,,,,,,,,,,,,
8,Cleveland Cavaliers,5-7,4-2,1-5,5-7,,1-4,,4-3,,,,1-0,4-5,3-2,2-5,,2024,5.0,0,0,,,,,,,,,,,,
9,Orlando Magic,3-4,3-0,0-4,3-4,,,3-4,,,,,0-1,2-3,2-3,1-1,,2024,3.0,0,0,,,,,,,,,,,,
10,Los Angeles Clippers,2-4,1-2,1-2,,2-4,,,,,,2-4,0-1,1-3,2-2,0-2,,2024,2.0,0,0,,,,,,,,,,,,
11,Milwaukee Bucks,2-4,2-1,0-3,2-4,,,2-4,,,,,0-1,2-3,2-3,0-1,,2024,2.0,0,0,,,,,,,,,,,,
12,Philadelphia 76ers,2-4,1-2,1-2,2-4,,2-4,,,,,,0-2,1-0,2-3,0-1,,2024,2.0,0,0,,,,,,,,,,,,
13,Los Angeles Lakers,1-4,1-1,0-3,,1-4,,,,1-4,,,0-2,1-1,1-4,,,2024,1.0,0,0,,,,,,,,,,,,
14,Miami Heat,1-4,0-2,1-2,1-4,,1-4,,,,,,,1-4,1-3,0-1,,2024,1.0,0,0,,,,,,,,,,,,
15,New Orleans Pelicans,0-4,0-2,0-2,,0-4,,,,0-4,,,0-1,0-2,0-4,,,2024,0.0,0,0,,,,,,,,,,,,
16,Phoenix Suns,0-4,0-2,0-2,,0-4,,,,0-4,,,,0-3,0-4,,,2024,0.0,0,0,,,,,,,,,,,,
1,Denver Nuggets,16-4,10-1,6-3,4-1,12-3,,,4-1,4-1,8-2,,2-1,9-0,5-1,7-2,4-1,2023,16.0,1,1,,,,,,,,,,,,
2,Miami Heat,13-10,6-4,7-6,12-6,1-4,8-5,4-1,,1-4,,,2-1,5-6,5-1,7-5,1-4,2023,13.0,0,1,,,,,,,,,,,,
3,Boston Celtics,11-9,5-6,6-3,11-9,,4-3,,7-6,,,,1-2,7-3,4-2,7-7,,2023,11.0,0,0,,,,,,,,,,,,
4,Los Angeles Lakers,8-8,6-2,2-6,,8-8,,,,0-4,4-2,4-2,1-1,5-5,4-2,4-6,,2023,8.0,0,0,,,,,,,,,,,,
5,Philadelphia 76ers,7-4,3-2,4-2,7-4,,7-4,,,,,,1-0,3-3,4-0,3-4,,2023,7.0,0,0,,,,,,,,,,,,
6,Golden State Warriors,6-7,4-2,2-5,,6-7,,,,,6-7,,1-2,4-3,4-3,2-4,,2023,6.0,0,0,,,,,,,,,,,,
7,New York Knicks,6-5,4-1,2-4,6-5,,,4-1,2-4,,,,,2-2,4-2,2-3,,2023,6.0,0,0,,,,,,,,,,,,
8,Phoenix Suns,6-5,4-2,2-3,,6-5,,,,2-4,4-1,,,2-4,4-2,2-3,,2023,6.0,0,0,,,,,,,,,,,,
9,Sacramento Kings,3-4,2-2,1-2,,3-4,,,,,3-4,,1-1,1-2,3-4,,,2023,3.0,0,0,,,,,,,,,,,,
10,Atlanta Hawks,2-4,1-2,1-2,2-4,,2-4,,,,,,1-0,0-2,2-4,,,2023,2.0,0,0,,,,,,,,,,,,
11,Memphis Grizzlies,2-4,2-1,0-3,,2-4,,,,,2-4,,,2-3,2-4,,,2023,2.0,0,0,,,,,,,,,,,,
12,Cleveland Cavaliers,1-4,1-2,0-2,1-4,,1-4,,,,,,,1-2,1-4,,,2023,1.0,0,0,,,,,,,,,,,,
13,Los Angeles Clippers,1-4,0-2,1-2,,1-4,,,,,1-4,,,0-2,1-4,,,2023,1.0,0,0,,,,,,,,,,,,
14,Milwaukee Bucks,1-4,1-2,0-2,1-4,,,,1-4,,,,0-1,1-2,1-4,,,2023,1.0,0,0,,,,,,,,,,,,
15,Minnesota Timberwolves,1-4,1-1,0-3,,1-4,,,,1-4,,,0-1,0-1,1-4,,,2023,1.0,0,0,,,,,,,,,,,,
16,Brooklyn Nets,0-4,0-2,0-2,0-4,,0-4,,,,,,,0-2,0-4,,,2023,0.0,0,0,,,,,,,,,,,,
17,Chicago Bulls,0-0,,,,,,,,,,,,,,,,2023,0.0,0,0,,,,,,,,,,,,
18,New Orleans Pelicans,0-0,,,,,,,,,,,,,,,,2023,0.0,0,0,,,,,,,,,,,,
19,Oklahoma City Thunder,0-0,,,,,,,,,,,,,,,,2023,0.0,0,0,,,,,,,,,,,,
20,Toronto Raptors,0-0,,,,,,,,,,,,,,,,2023,0.0,0,0,,,,,,,,,,,,
1,Golden State Warriors,16-6,11-1,5-5,4-2,12-4,4-2,,,4-1,,8-3,2-0,10-4,4-1,8-3,4-2,2022,16.0,1,1,,,,,,,,,,,,
2,Boston Celtics,14-10,6-6,8-4,12-6,2-4,4-0,4-3,4-3,,2-4,,1-2,8-6,4-0,8-6,2-4,2022,14.0,0,1,,,,,,,,,,,,
3,Miami Heat,11-7,7-3,4-4,11-7,,7-6,,4-1,,,,1-1,7-4,4-1,7-6,,2022,11.0,0,0,,,,,,,,,,,,
4,Dallas Mavericks,9-9,6-2,3-7,,9-9,,,,4-2,5-7,,1-1,5-4,4-2,5-7,,2022,9.0,0,0,,,,,,,,,,,,
5,Milwaukee Bucks,7-5,3-3,4-2,7-5,,3-4,4-1,,,,,2-0,4-3,4-1,3-4,,2022,7.0,0,0,,,,,,,,,,,,
6,Phoenix Suns,7-6,5-2,2-4,,7-6,,,,,,7-6,1-0,4-5,4-2,3-4,,2022,7.0,0,0,,,,,,,,,,,,
7,Memphis Grizzlies,6-6,4-2,2-4,,6-6,,,,4-2,2-4,,1-3,2-3,4-2,2-4,,2022,6.0,0,0,,,,,,,,,,,,
8,Philadelphia 76ers,6-6,4-2,2-4,6-6,,4-2,,2-4,,,,1-0,4-4,4-2,2-4,,2022,6.0,0,0,,,,,,,,,,,,
9,Minnesota Timberwolves,2-4,1-2,1-2,,2-4,,,,,,2-4,1-1,1-1,2-4,,,2022,2.0,0,0,,,,,,,,,,,,
10,New Orleans Pelicans,2-4,1-2,1-2,,2-4,,,,,2-4,,0-1,2-2,2-4,,,2022,2.0,0,0,,,,,,,,,,,,
11,Toronto Raptors,2-4,1-2,1-2,2-4,,2-4,,,,,,0-1,1-3,2-4,,,2022,2.0,0,0,,,,,,,,,,,,
12,Utah Jazz,2-4,1-2,1-2,,2-4,,,,,,2-4,1-1,0-1,2-4,,,2022,2.0,0,0,,,,,,,,,,,,
13,Atlanta Hawks,1-4,1-1,0-3,1-4,,,,1-4,,,,1-1,0-3,1-4,,,2022,1.0,0,0,,,,,,,,,,,,
14,Chicago Bulls,1-4,0-2,1-2,1-4,,,1-4,,,,,,0-3,1-4,,,2022,1.0,0,0,,,,,,,,,,,,
15,Denver Nuggets,1-4,1-1,0-3,,1-4,,,,,1-4,,,0-2,1-4,,,2022,1.0,0,0,,,,,,,,,,,,
16,Brooklyn Nets,0-4,0-2,0-2,0-4,,0-4,,,,,,0-1,,0-4,,,2022,0.0,0,0,,,,,,,,,,,,
1,Milwaukee Bucks,16-7,10-1,6-6,12-5,4-2,4-3,,8-2,,4-2,,2-1,10-4,,4-0,6-5,2021,16.0,1,1,,,,6-2,,,,,,,,
2,Phoenix Suns,14-8,8-3,6-5,2-4,12-4,,2-4,,4-0,8-4,,1-0,8-4,,2-2,10-2,2021,14.0,0,1,,,,2-4,,,,,,,,
3,Atlanta Hawks,10-8,4-4,6-4,10-8,,8-4,2-4,,,,,4-0,4-6,,3-1,7-5,2021,10.0,0,0,,,,0-2,,,,,,,,
4,Los Angeles Clippers,10-9,5-5,5-4,,10-9,,,,4-2,2-4,4-3,0-2,8-2,,2-2,8-7,2021,10.0,0,0,,,,,,,,,,,,
5,Brooklyn Nets,7-5,6-1,1-4,7-5,,4-1,3-4,,,,,0-1,5-2,,3-1,4-4,2021,7.0,0,0,,,,,,,,,,,,
6,Philadelphia 76ers,7-5,4-3,3-2,7-5,,,,7-5,,,,0-2,5-0,,3-1,4-4,2021,7.0,0,0,,,,,,,,,,,,
7,Utah Jazz,6-5,4-2,2-3,,6-5,,,,,2-4,4-1,1-1,3-3,,3-1,3-4,2021,6.0,0,0,,,,,,,,,,,,
8,Denver Nuggets,4-6,2-3,2-3,,4-6,,,,4-2,0-4,,,2-5,,2-2,2-4,2021,4.0,0,0,,,,,,,,,,,,
9,Dallas Mavericks,3-4,0-3,3-1,,3-4,,,,,3-4,,,1-3,,2-2,1-2,2021,3.0,0,0,,,,,,,,,,,,
10,Los Angeles Lakers,2-4,1-2,1-2,,2-4,,,,,2-4,,,1-2,,2-2,0-2,2021,2.0,0,0,,,,,,,,,,,,
11,Portland Trail Blazers,2-4,1-2,1-2,,2-4,,,,2-4,,,,2-2,,2-2,0-2,2021,2.0,0,0,,,,,,,,,,,,
12,Boston Celtics,1-4,1-1,0-3,1-4,,1-4,,,,,,,0-4,,1-3,0-1,2021,1.0,0,0,,,,,,,,,,,,
13,Memphis Grizzlies,1-4,0-2,1-2,,1-4,,,,1-4,,,1-0,0-3,,1-3,0-1,2021,1.0,0,0,,,,,,,,,,,,
14,New York Knicks,1-4,1-2,0-2,1-4,,,,1-4,,,,0-1,0-3,,1-3,0-1,2021,1.0,0,0,,,,,,,,,,,,
15,Washington Wizards,1-4,1-1,0-3,1-4,,1-4,,,,,,,0-3,,1-3,0-1,2021,1.0,0,0,,,,,,,,,,,,
16,Miami Heat,0-4,0-2,0-2,0-4,,,0-4,,,,,0-1,0-3,,0-4,,2021,0.0,0,0,,,,,,,,,,,,
1,Los Angeles Lakers,16-5,9-3,7-2,4-2,12-3,,,4-2,8-2,,4-1,1-1,10-2,,,,2020,16.0,1,1,4-1,9-2,3-2,,,,,,,,,
2,Miami Heat,14-7,6-4,8-3,12-3,2-4,4-2,8-1,,,2-4,,4-1,6-5,,,,2020,14.0,0,1,5-0,7-4,2-3,,,,,,,,,
3,Boston Celtics,10-7,3-5,7-2,10-7,,8-3,,2-4,,,,1-4,5-1,,,,2020,10.0,0,0,5-0,5-7,,,,,,,,,,
4,Denver Nuggets,9-10,5-4,4-6,,9-10,,,,4-3,5-7,,1-2,5-6,,,,2020,9.0,0,0,3-3,6-7,,,,,,,,,,
5,Los Angeles Clippers,7-6,3-4,4-2,,7-6,,,,3-4,,4-2,0-1,4-3,,,,2020,7.0,0,0,4-2,3-4,,,,,,,,,,
6,Toronto Raptors,7-4,2-4,5-0,7-4,,7-4,,,,,,2-1,3-2,,,,2020,7.0,0,0,4-1,3-3,,,,,,,,,,
7,Houston Rockets,5-7,4-2,1-5,,5-7,,,,4-3,1-4,,1-1,4-4,,,,2020,5.0,0,0,3-3,2-4,,,,,,,,,,
8,Milwaukee Bucks,5-5,2-4,3-1,5-5,,,,5-5,,,,1-1,4-3,,,,2020,5.0,0,0,4-2,1-3,,,,,,,,,,
9,Oklahoma City Thunder,3-4,3-0,0-4,,3-4,,,,,,3-4,1-1,1-3,,,,2020,3.0,0,0,3-3,0-1,,,,,,,,,,
10,Utah Jazz,3-4,2-1,1-3,,3-4,,,,3-4,,,1-1,2-3,,,,2020,3.0,0,0,3-3,0-1,,,,,,,,,,
11,Dallas Mavericks,2-4,1-2,1-2,,2-4,,,,,2-4,,1-0,1-2,,,,2020,2.0,0,0,2-4,,,,,,,,,,,
12,Orlando Magic,1-4,0-2,1-2,1-4,,,1-4,,,,,,1-4,,,,2020,1.0,0,0,1-4,,,,,,,,,,,
13,Portland Trail Blazers,1-4,0-2,1-2,,1-4,,,,,1-4,,,0-2,,,,2020,1.0,0,0,1-4,,,,,,,,,,,
14,Brooklyn Nets,0-4,0-2,0-2,0-4,,0-4,,,,,,,0-3,,,,2020,0.0,0,0,0-4,,,,,,,,,,,
15,Indiana Pacers,0-4,0-2,0-2,0-4,,,,0-4,,,,,0-2,,,,2020,0.0,0,0,0-4,,,,,,,,,,,
16,Philadelphia 76ers,0-4,0-2,0-2,0-4,,0-4,,,,,,,0-1,,,,2020,0.0,0,0,0-4,,,,,,,,,,,
1,Toronto Raptors,16-8,9-4,7-4,12-6,4-2,4-3,4-2,4-1,,4-2,,1-2,8-3,5-2,8-4,3-2,2019,16.0,1,1,,,,,,,,,,,,
2,Golden State Warriors,14-8,6-5,8-3,2-4,12-4,2-4,,,4-0,4-2,4-2,3-0,5-2,6-2,6-3,2-3,2019,14.0,0,1,,,,,,,,,,,,
3,Milwaukee Bucks,10-5,6-2,4-3,10-5,,6-5,4-0,,,,,,8-2,5-1,5-4,,2019,10.0,0,0,,,,,,,,,,,,
4,Portland Trail Blazers,8-8,5-3,3-5,,8-8,,,,8-4,0-4,,2-2,3-4,4-2,4-6,,2019,8.0,0,0,,,,,,,,,,,,
5,Denver Nuggets,7-7,5-3,2-4,,7-7,,,,3-4,,4-3,0-1,3-3,5-3,2-4,,2019,7.0,0,0,,,,,,,,,,,,
6,Philadelphia 76ers,7-5,4-2,3-3,7-5,,7-5,,,,,,0-1,5-2,5-2,2-3,,2019,7.0,0,0,,,,,,,,,,,,
7,Houston Rockets,6-5,5-1,1-4,,6-5,,,,4-1,2-4,,1-0,2-1,4-3,2-2,,2019,6.0,0,0,,,,,,,,,,,,
8,Boston Celtics,5-4,2-2,3-2,5-4,,,5-4,,,,,,2-3,5-1,0-3,,2019,5.0,0,0,,,,,,,,,,,,
9,San Antonio Spurs,3-4,2-1,1-3,,3-4,,,,3-4,,,,2-2,3-4,,,2019,3.0,0,0,,,,,,,,,,,,
10,Los Angeles Clippers,2-4,0-3,2-1,,2-4,,,,,2-4,,,0-3,2-4,,,2019,2.0,0,0,,,,,,,,,,,,
11,Brooklyn Nets,1-4,0-2,1-2,1-4,,1-4,,,,,,,0-3,1-4,,,2019,1.0,0,0,,,,,,,,,,,,
12,Oklahoma City Thunder,1-4,1-1,0-3,,1-4,,,,1-4,,,0-1,1-2,1-4,,,2019,1.0,0,0,,,,,,,,,,,,
13,Orlando Magic,1-4,0-2,1-2,1-4,,1-4,,,,,,1-0,0-3,1-4,,,2019,1.0,0,0,,,,,,,,,,,,
14,Utah Jazz,1-4,1-1,0-3,,1-4,,,,,,1-4,0-1,1-2,1-4,,,2019,1.0,0,0,,,,,,,,,,,,
15,Detroit Pistons,0-4,0-2,0-2,0-4,,,0-4,,,,,,0-4,0-4,,,2019,0.0,0,0,,,,,,,,,,,,
16,Indiana Pacers,0-4,0-2,0-2,0-4,,0-4,,,,,,,0-1,0-4,,,2019,0.0,0,0,,,,,,,,,,,,
1,Golden State Warriors,16-5,10-1,6-4,4-0,12-5,,4-0,,,,12-5,0-1,11-3,5-1,8-4,3-0,2018,16.0,1,1,,,,,,,,,,,,
2,Cleveland Cavaliers,12-10,8-3,4-7,12-6,0-4,8-3,4-3,,,0-4,,4-1,4-8,4-3,8-4,0-3,2018,12.0,0,1,,,,,,,,,,,,
3,Boston Celtics,11-8,10-1,1-7,11-8,,4-1,7-7,,,,,2-1,6-5,5-3,6-5,,2018,11.0,0,0,,,,,,,,,,,,
4,Houston Rockets,11-6,7-3,4-3,,11-6,,,,8-2,3-4,,2-0,8-4,5-1,6-5,,2018,11.0,0,0,,,,,,,,,,,,
5,New Orleans Pelicans,5-4,3-1,2-3,,5-4,,,,4-0,1-4,,1-0,2-2,4-1,1-3,,2018,5.0,0,0,,,,,,,,,,,,
6,Philadelphia 76ers,5-5,3-2,2-3,5-5,,1-4,,4-1,,,,0-2,4-2,4-2,1-3,,2018,5.0,0,0,,,,,,,,,,,,
7,Utah Jazz,5-6,3-2,2-4,,5-6,,,,4-2,,1-4,,2-4,4-3,1-3,,2018,5.0,0,0,,,,,,,,,,,,
8,Toronto Raptors,4-6,3-2,1-4,4-6,,,0-4,4-2,,,,0-2,3-3,4-2,0-4,,2018,4.0,0,0,,,,,,,,,,,,
9,Indiana Pacers,3-4,2-1,1-3,3-4,,,3-4,,,,,1-2,2-0,3-4,,,2018,3.0,0,0,,,,,,,,,,,,
10,Milwaukee Bucks,3-4,3-0,0-4,3-4,,3-4,,,,,,1-0,2-2,3-4,,,2018,3.0,0,0,,,,,,,,,,,,
11,Oklahoma City Thunder,2-4,2-1,0-3,,2-4,,,,2-4,,,,0-2,2-4,,,2018,2.0,0,0,,,,,,,,,,,,
12,Washington Wizards,2-4,2-1,0-3,2-4,,2-4,,,,,,,1-3,2-4,,,2018,2.0,0,0,,,,,,,,,,,,
13,Miami Heat,1-4,0-2,1-2,1-4,,1-4,,,,,,,1-3,1-4,,,2018,1.0,0,0,,,,,,,,,,,,
14,Minnesota Timberwolves,1-4,1-1,0-3,,1-4,,,,,,1-4,0-1,1-3,1-4,,,2018,1.0,0,0,,,,,,,,,,,,
15,San Antonio Spurs,1-4,1-1,0-3,,1-4,,,,,1-4,,,1-3,1-4,,,2018,1.0,0,0,,,,,,,,,,,,
16,Portland Trail Blazers,0-4,0-2,0-2,,0-4,,,,,,0-4,0-1,0-1,0-4,,,2018,0.0,0,0,,,,,,,,,,,,
1,Golden State Warriors,16-1,9-0,7-1,4-1,12-0,,4-1,,8-0,,4-0,1-0,12-1,4-0,8-0,4-1,2017,16.0,1,1,,,,,,,,,,,,
2,Cleveland Cavaliers,13-5,6-2,7-3,12-1,1-4,8-1,4-0,,,1-4,,1-1,8-2,4-0,8-1,1-4,2017,13.0,0,1,,,,,,,,,,,,
3,Boston Celtics,9-9,5-5,4-4,9-9,,,5-6,4-3,,,,1-1,7-7,5-2,4-7,,2017,9.0,0,0,,,,,,,,,,,,
4,San Antonio Spurs,8-8,5-3,3-5,,8-8,,,,,0-4,8-4,1-2,6-6,4-2,4-6,,2017,8.0,0,0,,,,,,,,,,,,
5,Washington Wizards,7-6,6-0,1-6,7-6,,3-4,,4-2,,,,1-0,3-6,4-3,3-3,,2017,7.0,0,0,,,,,,,,,,,,
6,Houston Rockets,6-5,4-2,2-3,,6-5,,,,4-1,,2-4,0-2,3-3,4-1,2-4,,2017,6.0,0,0,,,,,,,,,,,,
7,Toronto Raptors,4-6,2-3,2-3,4-6,,,4-6,,,,,1-0,2-5,4-2,0-4,,2017,4.0,0,0,,,,,,,,,,,,
8,Utah Jazz,4-7,1-4,3-3,,4-7,,,,,4-7,,1-0,1-4,4-3,0-4,,2017,4.0,0,0,,,,,,,,,,,,
9,Los Angeles Clippers,3-4,1-3,2-1,,3-4,,,,3-4,,,0-1,0-1,3-4,,,2017,3.0,0,0,,,,,,,,,,,,
10,Atlanta Hawks,2-4,2-1,0-3,2-4,,,,2-4,,,,,2-1,2-4,,,2017,2.0,0,0,,,,,,,,,,,,
11,Chicago Bulls,2-4,0-3,2-1,2-4,,2-4,,,,,,,1-3,2-4,,,2017,2.0,0,0,,,,,,,,,,,,
12,Memphis Grizzlies,2-4,2-1,0-3,,2-4,,,,,,2-4,1-0,1-3,2-4,,,2017,2.0,0,0,,,,,,,,,,,,
13,Milwaukee Bucks,2-4,1-2,1-2,2-4,,2-4,,,,,,0-1,2-2,2-4,,,2017,2.0,0,0,,,,,,,,,,,,
14,Oklahoma City Thunder,1-4,1-1,0-3,,1-4,,,,,,1-4,1-0,0-1,1-4,,,2017,1.0,0,0,,,,,,,,,,,,
15,Indiana Pacers,0-4,0-2,0-2,0-4,,,0-4,,,,,0-1,,0-4,,,2017,0.0,0,0,,,,,,,,,,,,
16,Portland Trail Blazers,0-4,0-2,0-2,,0-4,,,,,0-4,,,0-3,0-4,,,2017,0.0,0,0,,,,,,,,,,,,
1,Cleveland Cavaliers,16-5,9-1,7-4,12-2,4-3,4-2,4-0,4-0,,4-3,,2-0,12-4,4-0,8-2,4-3,2016,16.0,1,1,,,,,,,,,,,,
2,Golden State Warriors,15-9,11-3,4-6,3-4,12-5,,3-4,,8-4,,4-1,0-1,9-6,4-1,8-4,3-4,2016,15.0,0,1,,,,,,,,,,,,
3,Oklahoma City Thunder,11-7,6-3,5-4,,11-7,,,,,3-4,8-3,1-1,8-2,4-2,7-5,,2016,11.0,0,0,,,,,,,,,,,,
4,Toronto Raptors,10-10,8-3,2-7,10-10,,,6-7,4-3,,,,1-0,4-8,3-3,7-7,,2016,10.0,0,0,,,,,,,,,,,,
5,Miami Heat,7-7,5-2,2-5,7-7,,3-4,,4-3,,,,0-1,4-2,3-3,4-4,,2016,7.0,0,0,,,,,,,,,,,,
6,San Antonio Spurs,6-4,3-2,3-2,,6-4,,,,2-4,,4-0,0-1,4-2,5-0,1-4,,2016,6.0,0,0,,,,,,,,,,,,
7,Portland Trail Blazers,5-6,4-1,1-5,,5-6,,,,,5-6,,1-0,3-4,4-2,1-4,,2016,5.0,0,0,,,,,,,,,,,,
8,Atlanta Hawks,4-6,3-2,1-4,4-6,,4-2,0-4,,,,,1-1,3-3,4-2,0-4,,2016,4.0,0,0,,,,,,,,,,,,
9,Charlotte Hornets,3-4,2-1,1-3,3-4,,,,3-4,,,,1-0,1-3,3-3,0-1,,2016,3.0,0,0,,,,,,,,,,,,
10,Indiana Pacers,3-4,2-1,1-3,3-4,,3-4,,,,,,0-1,3-2,3-3,0-1,,2016,3.0,0,0,,,,,,,,,,,,
11,Boston Celtics,2-4,2-1,0-3,2-4,,,,2-4,,,,0-1,0-3,2-4,,,2016,2.0,0,0,,,,,,,,,,,,
12,Los Angeles Clippers,2-4,2-1,0-3,,2-4,,,,2-4,,,0-1,2-2,2-4,,,2016,2.0,0,0,,,,,,,,,,,,
13,Dallas Mavericks,1-4,0-2,1-2,,1-4,,,,1-4,,,1-0,0-4,1-4,,,2016,1.0,0,0,,,,,,,,,,,,
14,Houston Rockets,1-4,1-1,0-3,,1-4,,,,,1-4,,1-0,0-3,1-4,,,2016,1.0,0,0,,,,,,,,,,,,
15,Detroit Pistons,0-4,0-2,0-2,0-4,,,0-4,,,,,0-1,0-2,0-4,,,2016,0.0,0,0,,,,,,,,,,,,
16,Memphis Grizzlies,0-4,0-2,0-2,,0-4,,,,,,0-4,,0-3,0-4,,,2016,0.0,0,0,,,,,,,,,,,,
1,Golden State Warriors,16-5,9-2,7-3,4-2,12-3,,4-2,,,,12-3,1-1,10-2,4-0,8-3,4-2,2015,16.0,1,1,,,,,,,,,,,,
2,Cleveland Cavaliers,14-6,7-3,7-3,12-2,2-4,4-0,4-2,4-0,,2-4,,3-1,5-2,4-0,8-2,2-4,2015,14.0,0,1,,,,,,,,,,,,
3,Houston Rockets,9-8,7-2,2-6,,9-8,,,,,5-7,4-1,1-1,6-6,4-1,5-7,,2015,9.0,0,0,,,,,,,,,,,,
4,Atlanta Hawks,8-8,5-3,3-5,8-8,,4-2,0-4,4-2,,,,2-2,3-2,3-2,5-6,,2015,8.0,0,0,,,,,,,,,,,,
5,Los Angeles Clippers,7-7,4-3,3-4,,7-7,,,,,,7-7,1-0,4-4,3-3,4-4,,2015,7.0,0,0,,,,,,,,,,,,
6,Chicago Bulls,6-6,3-3,3-3,6-6,,,6-6,,,,,1-2,2-2,4-2,2-4,,2015,6.0,0,0,,,,,,,,,,,,
7,Memphis Grizzlies,6-5,4-2,2-3,,6-5,,,,4-1,2-4,,,3-4,4-1,2-4,,2015,6.0,0,0,,,,,,,,,,,,
8,Washington Wizards,6-4,3-2,3-2,6-4,,4-0,,2-4,,,,1-2,2-1,4-0,2-4,,2015,6.0,0,0,,,,,,,,,,,,
9,San Antonio Spurs,3-4,1-2,2-2,,3-4,,,,,3-4,,0-1,1-1,3-3,0-1,,2015,3.0,0,0,,,,,,,,,,,,
10,Brooklyn Nets,2-4,2-1,0-3,2-4,,,,2-4,,,,,0-2,2-3,0-1,,2015,2.0,0,0,,,,,,,,,,,,
11,Milwaukee Bucks,2-4,1-2,1-2,2-4,,,2-4,,,,,1-0,0-2,2-4,,,2015,2.0,0,0,,,,,,,,,,,,
12,Dallas Mavericks,1-4,1-1,0-3,,1-4,,,,,,1-4,0-1,1-2,1-4,,,2015,1.0,0,0,,,,,,,,,,,,
13,Portland Trail Blazers,1-4,1-1,0-3,,1-4,,,,,,1-4,,0-2,1-4,,,2015,1.0,0,0,,,,,,,,,,,,
14,Boston Celtics,0-4,0-2,0-2,0-4,,,0-4,,,,,,0-1,0-4,,,2015,0.0,0,0,,,,,,,,,,,,
15,New Orleans Pelicans,0-4,0-2,0-2,,0-4,,,,,0-4,,,0-2,0-4,,,2015,0.0,0,0,,,,,,,,,,,,
16,Toronto Raptors,0-4,0-2,0-2,0-4,,,,0-4,,,,,0-2,0-4,,,2015,0.0,0,0,,,,,,,,,,,,
1,San Antonio Spurs,16-7,11-2,5-5,4-1,12-6,,,4-1,8-3,,4-3,0-3,12-3,3-2,9-4,4-1,2014,16.0,1,1,,,,,,,,,,,,
2,Miami Heat,13-7,8-2,5-5,12-3,1-4,4-1,4-2,4-0,,,1-4,2-1,8-6,4-0,8-3,1-4,2014,13.0,0,1,,,,,,,,,,,,
3,Indiana Pacers,10-9,5-5,5-4,10-9,,,,10-9,,,,3-0,5-6,2-3,8-6,,2014,10.0,0,0,,,,,,,,,,,,
4,Oklahoma City Thunder,10-9,6-4,4-5,,10-9,,,,,4-2,6-7,2-3,5-4,2-3,8-6,,2014,10.0,0,0,,,,,,,,,,,,
5,Los Angeles Clippers,6-7,4-3,2-4,,6-7,,,,2-4,4-3,,2-2,3-2,3-2,3-5,,2014,6.0,0,0,,,,,,,,,,,,
6,Washington Wizards,6-5,1-4,5-1,6-5,,,6-5,,,,,1-2,1-2,4-1,2-4,,2014,6.0,0,0,,,,,,,,,,,,
7,Brooklyn Nets,5-7,3-2,2-5,5-7,,4-3,,1-4,,,,1-2,2-2,2-3,3-4,,2014,5.0,0,0,,,,,,,,,,,,
8,Portland Trail Blazers,5-6,3-2,2-4,,5-6,,,,,,5-6,3-0,1-5,3-2,2-4,,2014,5.0,0,0,,,,,,,,,,,,
9,Atlanta Hawks,3-4,1-2,2-2,3-4,,,3-4,,,,,0-1,2-2,3-2,0-2,,2014,3.0,0,0,,,,,,,,,,,,
10,Dallas Mavericks,3-4,2-1,1-3,,3-4,,,,,,3-4,2-0,1-1,2-3,1-1,,2014,3.0,0,0,,,,,,,,,,,,
11,Golden State Warriors,3-4,2-1,1-3,,3-4,,,,,3-4,,1-1,1-2,2-3,1-1,,2014,3.0,0,0,,,,,,,,,,,,
12,Memphis Grizzlies,3-4,1-2,2-2,,3-4,,,,3-4,,,2-1,0-3,3-2,0-2,,2014,3.0,0,0,,,,,,,,,,,,
13,Toronto Raptors,3-4,2-2,1-2,3-4,,3-4,,,,,,1-1,0-1,3-2,0-2,,2014,3.0,0,0,,,,,,,,,,,,
14,Houston Rockets,2-4,1-2,1-2,,2-4,,,,2-4,,,0-3,1-0,2-3,0-1,,2014,2.0,0,0,,,,,,,,,,,,
15,Chicago Bulls,1-4,0-3,1-1,1-4,,,,1-4,,,,1-1,,1-4,,,2014,1.0,0,0,,,,,,,,,,,,
16,Charlotte Bobcats,0-4,0-2,0-2,0-4,,,,0-4,,,,,0-3,0-4,,,2014,0.0,0,0,,,,,,,,,,,,
1,Miami Heat,16-7,10-3,6-4,12-4,4-3,,12-4,,,,4-3,3-0,12-3,4-0,7-3,5-4,2013,16.0,1,1,,,,,,,,,,,,
2,San Antonio Spurs,15-6,8-2,7-4,3-4,12-2,,,3-4,,8-2,4-0,1-1,11-3,4-0,8-2,3-4,2013,15.0,0,1,,,,,,,,,,,,
3,Indiana Pacers,11-8,8-1,3-7,11-8,,4-2,,7-6,,,,0-1,6-7,2-2,8-5,1-1,2013,11.0,0,0,,,,,,,,,,,,
4,Memphis Grizzlies,8-7,5-2,3-5,,8-7,,,,4-1,4-2,0-4,0-2,4-3,3-2,5-5,,2013,8.0,0,0,,,,,,,,,,,,
5,Golden State Warriors,6-6,4-2,2-4,,6-6,,,,4-2,,2-4,1-2,3-3,3-2,3-4,,2013,6.0,0,0,,,,,,,,,,,,
6,New York Knicks,6-6,4-2,2-4,6-6,,4-2,2-4,,,,,,4-2,3-1,3-5,,2013,6.0,0,0,,,,,,,,,,,,
7,Chicago Bulls,5-7,2-3,3-4,5-7,,4-3,,1-4,,,,1-2,0-5,3-2,2-5,,2013,5.0,0,0,,,,,,,,,,,,
8,Oklahoma City Thunder,5-6,3-3,2-3,,5-6,,,,,,5-6,3-1,1-0,3-1,2-5,,2013,5.0,0,0,,,,,,,,,,,,
9,Brooklyn Nets,3-4,2-2,1-2,3-4,,,3-4,,,,,1-1,2-0,2-3,1-1,,2013,3.0,0,0,,,,,,,,,,,,
10,Atlanta Hawks,2-4,2-1,0-3,2-4,,,2-4,,,,,,2-3,2-2,0-2,,2013,2.0,0,0,,,,,,,,,,,,
11,Boston Celtics,2-4,1-2,1-2,2-4,,2-4,,,,,,,0-2,1-3,1-1,,2013,2.0,0,0,,,,,,,,,,,,
12,Denver Nuggets,2-4,2-1,0-3,,2-4,,,,,2-4,,1-1,0-2,2-3,0-1,,2013,2.0,0,0,,,,,,,,,,,,
13,Houston Rockets,2-4,1-2,1-2,,2-4,,,,2-4,,,1-2,0-1,1-3,1-1,,2013,2.0,0,0,,,,,,,,,,,,
14,Los Angeles Clippers,2-4,2-1,0-3,,2-4,,,,,,2-4,1-0,1-4,2-3,0-1,,2013,2.0,0,0,,,,,,,,,,,,
15,Los Angeles Lakers,0-4,0-2,0-2,,0-4,,,,,,0-4,,0-4,0-4,,,2013,0.0,0,0,,,,,,,,,,,,
16,Milwaukee Bucks,0-4,0-2,0-2,0-4,,,,0-4,,,,,0-4,0-4,,,2013,0.0,0,0,,,,,,,,,,,,
1,Miami Heat,16-7,11-2,5-5,12-6,4-1,8-4,4-2,,4-1,,,0-3,10-3,2-0,8-3,6-4,2012,16.0,1,1,,,,,,,,,,,,
2,Oklahoma City Thunder,13-7,9-1,4-6,1-4,12-3,,,1-4,,4-1,8-2,4-2,5-1,2-0,7-3,4-4,2012,13.0,0,1,,,,,,,,,,,,
3,Boston Celtics,11-9,8-2,3-7,11-9,,4-3,,7-6,,,,3-2,5-3,0-1,8-6,3-2,2012,11.0,0,0,,,,,,,,,,,,
4,San Antonio Spurs,10-4,6-1,4-3,,10-4,,,,6-4,4-0,,2-0,6-1,1-0,9-1,0-3,2012,10.0,0,0,,,,,,,,,,,,
5,Philadelphia 76ers,7-6,5-1,2-5,7-6,,3-4,4-2,,,,,2-1,1-4,0-1,7-5,,2012,7.0,0,0,,,,,,,,,,,,
6,Indiana Pacers,6-5,3-3,3-2,6-5,,,,6-5,,,,2-0,4-2,1-1,5-4,,2012,6.0,0,0,,,,,,,,,,,,
7,Los Angeles Lakers,5-7,4-2,1-5,,5-7,,,,5-7,,,1-3,1-4,1-0,4-7,,2012,5.0,0,0,,,,,,,,,,,,
8,Los Angeles Clippers,4-7,2-3,2-4,,4-7,,,,,,4-7,2-2,1-4,1-0,3-7,,2012,4.0,0,0,,,,,,,,,,,,
9,Denver Nuggets,3-4,2-1,1-3,,3-4,,,,,3-4,,1-0,2-1,0-1,3-3,,2012,3.0,0,0,,,,,,,,,,,,
10,Memphis Grizzlies,3-4,2-2,1-2,,3-4,,,,,3-4,,1-2,1-1,0-1,3-3,,2012,3.0,0,0,,,,,,,,,,,,
11,Atlanta Hawks,2-4,2-1,0-3,2-4,,2-4,,,,,,1-1,0-1,1-0,1-4,,2012,2.0,0,0,,,,,,,,,,,,
12,Chicago Bulls,2-4,2-1,0-3,2-4,,2-4,,,,,,0-1,1-1,1-0,1-4,,2012,2.0,0,0,,,,,,,,,,,,
13,New York Knicks,1-4,1-1,0-3,1-4,,,,1-4,,,,1-0,0-4,0-2,1-2,,2012,1.0,0,0,,,,,,,,,,,,
14,Orlando Magic,1-4,0-2,1-2,1-4,,,1-4,,,,,0-1,0-3,1-1,0-3,,2012,1.0,0,0,,,,,,,,,,,,
15,Dallas Mavericks,0-4,0-2,0-2,,0-4,,,,0-4,,,0-2,0-1,0-2,0-2,,2012,0.0,0,0,,,,,,,,,,,,
16,Utah Jazz,0-4,0-2,0-2,,0-4,,,,,,0-4,,0-3,0-1,0-3,,2012,0.0,0,0,,,,,,,,,,,,
1,Dallas Mavericks,16-5,9-2,7-3,4-2,12-3,,,4-2,8-3,4-0,,3-2,5-0,4-2,8-2,4-1,2011,16.0,1,1,,,,,,,,,,,,
2,Miami Heat,14-7,9-2,5-5,12-3,2-4,8-2,4-1,,,,2-4,2-2,5-3,4-1,9-2,1-4,2011,14.0,0,1,,,,,,,,,,,,
3,Chicago Bulls,9-7,6-3,3-4,9-7,,,4-1,5-6,,,,0-1,6-3,4-1,5-6,,2011,9.0,0,0,,,,,,,,,,,,
4,Oklahoma City Thunder,9-8,6-3,3-5,,9-8,,,,4-1,,5-7,2-1,4-2,4-1,5-7,,2011,9.0,0,0,,,,,,,,,,,,
5,Memphis Grizzlies,7-6,5-1,2-5,,7-6,,,,3-4,,4-2,2-0,3-3,4-2,3-4,,2011,7.0,0,0,,,,,,,,,,,,
6,Atlanta Hawks,6-6,4-2,2-4,6-6,,,2-4,4-2,,,,2-0,2-5,4-2,2-4,,2011,6.0,0,0,,,,,,,,,,,,
7,Boston Celtics,5-4,3-1,2-3,5-4,,4-0,,1-4,,,,2-0,3-2,4-0,1-4,,2011,5.0,0,0,,,,,,,,,,,,
8,Los Angeles Lakers,4-6,2-3,2-3,,4-6,,,,,,4-6,0-1,3-2,4-2,0-4,,2011,4.0,0,0,,,,,,,,,,,,
9,New Orleans Hornets,2-4,1-2,1-2,,2-4,,,,,2-4,,,0-3,2-4,,,2011,2.0,0,0,,,,,,,,,,,,
10,Orlando Magic,2-4,2-1,0-3,2-4,,,,2-4,,,,0-2,1-1,2-4,,,2011,2.0,0,0,,,,,,,,,,,,
11,Portland Trail Blazers,2-4,2-1,0-3,,2-4,,,,,,2-4,1-0,0-2,2-4,,,2011,2.0,0,0,,,,,,,,,,,,
12,San Antonio Spurs,2-4,2-1,0-3,,2-4,,,,,,2-4,0-2,0-1,2-4,,,2011,2.0,0,0,,,,,,,,,,,,
13,Denver Nuggets,1-4,1-1,0-3,,1-4,,,,1-4,,,1-2,0-1,1-4,,,2011,1.0,0,0,,,,,,,,,,,,
14,Indiana Pacers,1-4,1-1,0-3,1-4,,,1-4,,,,,,0-1,1-4,,,2011,1.0,0,0,,,,,,,,,,,,
15,Philadelphia 76ers,1-4,1-1,0-3,1-4,,,,1-4,,,,,0-1,1-4,,,2011,1.0,0,0,,,,,,,,,,,,
16,New York Knicks,0-4,0-2,0-2,0-4,,0-4,,,,,,0-2,0-2,0-4,,,2011,0.0,0,0,,,,,,,,,,,,
1,Los Angeles Lakers,16-7,11-1,5-6,4-3,12-4,4-3,,,8-2,4-2,,4-0,6-1,4-2,8-2,4-3,2010,16.0,1,1,,,,,,,,,,,,
2,Boston Celtics,15-9,9-3,6-6,12-5,3-4,,4-2,8-3,,3-4,,2-0,7-4,4-1,8-4,3-4,2010,15.0,0,1,,,,,,,,,,,,
3,Orlando Magic,10-4,5-2,5-2,10-4,,2-4,,8-0,,,,0-1,6-2,4-0,6-4,,2010,10.0,0,0,,,,,,,,,,,,
4,Phoenix Suns,10-6,6-2,4-4,,10-6,,,,4-2,2-4,4-0,0-1,4-2,4-2,6-4,,2010,10.0,0,0,,,,,,,,,,,,
5,Cleveland Cavaliers,6-5,4-2,2-3,6-5,,2-4,4-1,,,,,1-1,4-3,4-1,2-4,,2010,6.0,0,0,,,,,,,,,,,,
6,Atlanta Hawks,4-7,3-3,1-4,4-7,,,4-3,0-4,,,,,4-5,3-3,1-4,,2010,4.0,0,0,,,,,,,,,,,,
7,San Antonio Spurs,4-6,3-2,1-4,,4-6,,,,,0-4,4-2,1-0,2-2,4-2,0-4,,2010,4.0,0,0,,,,,,,,,,,,
8,Utah Jazz,4-6,3-2,1-4,,4-6,,,,4-2,0-4,,1-1,2-3,4-2,0-4,,2010,4.0,0,0,,,,,,,,,,,,
9,Milwaukee Bucks,3-4,2-1,1-3,3-4,,,,3-4,,,,,1-4,3-3,0-1,,2010,3.0,0,0,,,,,,,,,,,,
10,Dallas Mavericks,2-4,2-1,0-3,,2-4,,,,,,2-4,0-1,1-2,2-4,,,2010,2.0,0,0,,,,,,,,,,,,
11,Denver Nuggets,2-4,2-1,0-3,,2-4,,,,2-4,,,0-1,2-2,2-4,,,2010,2.0,0,0,,,,,,,,,,,,
12,Oklahoma City Thunder,2-4,2-1,0-3,,2-4,,,,,2-4,,0-2,1-1,2-4,,,2010,2.0,0,0,,,,,,,,,,,,
13,Portland Trail Blazers,2-4,1-2,1-2,,2-4,,,,,2-4,,,0-3,2-4,,,2010,2.0,0,0,,,,,,,,,,,,
14,Chicago Bulls,1-4,1-1,0-3,1-4,,,1-4,,,,,1-1,0-3,1-4,,,2010,1.0,0,0,,,,,,,,,,,,
15,Miami Heat,1-4,1-1,0-3,1-4,,1-4,,,,,,0-1,0-2,1-4,,,2010,1.0,0,0,,,,,,,,,,,,
16,Charlotte Bobcats,0-4,0-2,0-2,0-4,,,,0-4,,,,,0-1,0-4,,,2010,0.0,0,0,,,,,,,,,,,,
1,Los Angeles Lakers,16-7,10-2,6-5,4-1,12-6,,,4-1,8-3,,4-3,1-2,11-3,4-1,8-5,4-1,2009,16.0,1,1,,,,,,,,,,,,
2,Orlando Magic,13-11,8-4,5-7,12-7,1-4,8-5,4-2,,,1-4,,3-4,6-4,4-2,8-5,1-4,2009,13.0,0,1,,,,,,,,,,,,
3,Cleveland Cavaliers,10-4,6-1,4-3,10-4,,,4-0,6-4,,,,1-2,9-2,4-0,6-4,,2009,10.0,0,0,,,,,,,,,,,,
4,Denver Nuggets,10-6,7-2,3-4,,10-6,,,,,2-4,8-2,2-3,8-1,4-1,6-5,,2009,10.0,0,0,,,,,,,,,,,,
5,Boston Celtics,7-7,5-3,2-4,7-7,,,4-3,3-4,,,,3-3,3-2,3-3,4-4,,2009,7.0,0,0,,,,,,,,,,,,
6,Houston Rockets,7-6,5-1,2-5,,7-6,,,,4-2,3-4,,2-0,4-5,4-2,3-4,,2009,7.0,0,0,,,,,,,,,,,,
7,Dallas Mavericks,5-5,3-1,2-4,,5-5,,,,1-4,,4-1,1-1,2-4,4-1,1-4,,2009,5.0,0,0,,,,,,,,,,,,
8,Atlanta Hawks,4-7,3-3,1-4,4-7,,,0-4,4-3,,,,,4-7,3-2,1-5,,2009,4.0,0,0,,,,,,,,,,,,
9,Chicago Bulls,3-4,2-1,1-3,3-4,,3-4,,,,,,3-2,0-2,3-3,0-1,,2009,3.0,0,0,,,,,,,,,,,,
10,Miami Heat,3-4,2-1,1-3,3-4,,,,3-4,,,,,3-4,2-3,1-1,,2009,3.0,0,0,,,,,,,,,,,,
11,Philadelphia 76ers,2-4,1-2,1-2,2-4,,,,2-4,,,,2-1,0-2,2-4,,,2009,2.0,0,0,,,,,,,,,,,,
12,Portland Trail Blazers,2-4,2-1,0-3,,2-4,,,,,,2-4,0-2,1-2,2-4,,,2009,2.0,0,0,,,,,,,,,,,,
13,New Orleans Hornets,1-4,1-1,0-3,,1-4,,,,1-4,,,1-0,0-4,1-4,,,2009,1.0,0,0,,,,,,,,,,,,
14,San Antonio Spurs,1-4,1-2,0-2,,1-4,,,,,,1-4,,1-2,1-4,,,2009,1.0,0,0,,,,,,,,,,,,
15,Utah Jazz,1-4,1-1,0-3,,1-4,,,,,1-4,,1-0,0-4,1-4,,,2009,1.0,0,0,,,,,,,,,,,,
16,Detroit Pistons,0-4,0-2,0-2,0-4,,,0-4,,,,,,0-4,0-4,,,2009,0.0,0,0,,,,,,,,,,,,
1,Boston Celtics,16-10,13-1,3-9,12-8,4-2,,8-5,4-3,,4-2,,0-1,8-3,3-2,9-6,4-2,2008,16.0,1,1,,,,,,,,,,,,
2,Los Angeles Lakers,14-7,10-1,4-6,2-4,12-3,2-4,,,8-2,,4-1,2-0,6-3,4-0,8-3,2-4,2008,14.0,0,1,,,,,,,,,,,,
3,Detroit Pistons,10-7,6-3,4-4,10-7,,6-6,,4-1,,,,1-0,5-3,3-2,7-5,,2008,10.0,0,0,,,,,,,,,,,,
4,San Antonio Spurs,9-8,7-1,2-7,,9-8,,,,,5-5,4-3,1-1,5-5,4-1,5-7,,2008,9.0,0,0,,,,,,,,,,,,
5,Cleveland Cavaliers,7-6,5-1,2-5,7-6,,3-4,,4-2,,,,1-1,4-2,3-2,4-4,,2008,7.0,0,0,,,,,,,,,,,,
6,New Orleans Hornets,7-5,6-1,1-4,,7-5,,,,,,7-5,,6-4,4-1,3-4,,2008,7.0,0,0,,,,,,,,,,,,
7,Utah Jazz,6-6,4-2,2-4,,6-6,,,,,2-4,4-2,0-2,2-3,3-2,3-4,,2008,6.0,0,0,,,,,,,,,,,,
8,Orlando Magic,5-5,4-1,1-4,5-5,,4-1,1-4,,,,,1-1,4-2,4-1,1-4,,2008,5.0,0,0,,,,,,,,,,,,
9,Atlanta Hawks,3-4,3-0,0-4,3-4,,3-4,,,,,,1-0,0-4,2-3,1-1,,2008,3.0,0,0,,,,,,,,,,,,
10,Houston Rockets,2-4,1-2,1-2,,2-4,,,,2-4,,,1-0,1-2,2-3,0-1,,2008,2.0,0,0,,,,,,,,,,,,
11,Philadelphia 76ers,2-4,1-2,1-2,2-4,,,2-4,,,,,,1-3,2-3,0-1,,2008,2.0,0,0,,,,,,,,,,,,
12,Washington Wizards,2-4,1-2,1-2,2-4,,,2-4,,,,,1-1,1-2,2-3,0-1,,2008,2.0,0,0,,,,,,,,,,,,
13,Dallas Mavericks,1-4,1-1,0-3,,1-4,,,,,,1-4,,1-3,1-4,,,2008,1.0,0,0,,,,,,,,,,,,
14,Phoenix Suns,1-4,1-1,0-3,,1-4,,,,,,1-4,0-1,1-1,1-4,,,2008,1.0,0,0,,,,,,,,,,,,
15,Toronto Raptors,1-4,1-1,0-3,1-4,,,,1-4,,,,0-1,1-3,1-4,,,2008,1.0,0,0,,,,,,,,,,,,
16,Denver Nuggets,0-4,0-2,0-2,,0-4,,,,,0-4,,,0-3,0-4,,,2008,0.0,0,0,,,,,,,,,,,,
1,San Antonio Spurs,16-4,9-2,7-2,4-0,12-4,,4-0,,8-2,4-2,,3-0,4-2,3-1,9-3,4-0,2007,16.0,1,1,,,,,,,,,,,,
2,Cleveland Cavaliers,12-8,7-3,5-5,12-4,0-4,4-2,4-2,4-0,,,0-4,2-4,4-3,4-0,7-4,1-4,2007,12.0,0,1,,,,,,,,,,,,
3,Detroit Pistons,10-6,6-2,4-4,10-6,,,6-6,4-0,,,,2-1,4-3,4-0,6-5,0-1,2007,10.0,0,0,,,,,,,,,,,,
4,Utah Jazz,9-8,7-1,2-7,,9-8,,,,,4-1,5-7,,7-3,2-3,7-5,,2007,9.0,0,0,,,,,,,,,,,,
5,Chicago Bulls,6-4,3-2,3-2,6-4,,,2-4,4-0,,,,,4-3,4-0,2-4,,2007,6.0,0,0,,,,,,,,,,,,
6,New Jersey Nets,6-6,4-2,2-4,6-6,,4-2,2-4,,,,,1-2,4-2,3-1,3-5,,2007,6.0,0,0,,,,,,,,,,,,
7,Phoenix Suns,6-5,4-2,2-3,,6-5,,,,,4-1,2-4,0-1,3-0,3-1,3-4,,2007,6.0,0,0,,,,,,,,,,,,
8,Golden State Warriors,5-6,4-1,1-5,,5-6,,,,1-4,,4-2,,4-4,3-1,2-5,,2007,5.0,0,0,,,,,,,,,,,,
9,Houston Rockets,3-4,3-1,0-3,,3-4,,,,3-4,,,,0-3,3-2,0-2,,2007,3.0,0,0,,,,,,,,,,,,
10,Dallas Mavericks,2-4,2-1,0-3,,2-4,,,,,2-4,,,1-3,1-3,1-1,,2007,2.0,0,0,,,,,,,,,,,,
11,Toronto Raptors,2-4,2-1,0-3,2-4,,2-4,,,,,,1-1,0-2,1-3,1-1,,2007,2.0,0,0,,,,,,,,,,,,
12,Denver Nuggets,1-4,0-2,1-2,,1-4,,,,,,1-4,,0-1,1-3,0-1,,2007,1.0,0,0,,,,,,,,,,,,
13,Los Angeles Lakers,1-4,1-1,0-3,,1-4,,,,,1-4,,,0-2,1-3,0-1,,2007,1.0,0,0,,,,,,,,,,,,
14,Miami Heat,0-4,0-2,0-2,0-4,,,0-4,,,,,,0-2,0-4,,,2007,0.0,0,0,,,,,,,,,,,,
15,Orlando Magic,0-4,0-2,0-2,0-4,,,0-4,,,,,,0-1,0-4,,,2007,0.0,0,0,,,,,,,,,,,,
16,Washington Wizards,0-4,0-2,0-2,0-4,,,0-4,,,,,,0-1,0-4,,,2007,0.0,0,0,,,,,,,,,,,,
1,Miami Heat,16-7,11-1,5-6,12-5,4-2,4-1,8-4,,,,4-2,4-0,9-5,2-2,9-3,5-2,2006,16.0,1,1,,,,,,,,,,,,
2,Dallas Mavericks,14-9,8-3,6-6,2-4,12-5,,,2-4,,4-2,8-3,1-6,7-2,3-0,7-5,4-4,2006,14.0,0,1,,,,,,,,,,,,
3,Detroit Pistons,10-8,8-2,2-6,10-8,,,8-4,2-4,,,,1-2,7-4,2-1,8-6,0-1,2006,10.0,0,0,,,,,,,,,,,,
4,Phoenix Suns,10-10,7-4,3-6,,10-10,,,,,8-6,2-4,2-1,4-3,1-3,9-5,0-2,2006,10.0,0,0,,,,,,,,,,,,
5,Cleveland Cavaliers,7-6,4-2,3-4,7-6,,,3-4,4-2,,,,5-1,1-3,2-2,5-4,,2006,7.0,0,0,,,,,,,,,,,,
6,Los Angeles Clippers,7-5,5-1,2-4,,7-5,,,,4-1,3-4,,1-1,5-1,3-1,4-4,,2006,7.0,0,0,,,,,,,,,,,,
7,San Antonio Spurs,7-6,5-2,2-4,,7-6,,,,,4-2,3-4,2-2,3-2,2-2,5-4,,2006,7.0,0,0,,,,,,,,,,,,
8,New Jersey Nets,5-6,2-3,3-3,5-6,,,4-2,1-4,,,,0-2,2-4,2-2,3-4,,2006,5.0,0,0,,,,,,,,,,,,
9,Los Angeles Lakers,3-4,2-1,1-3,,3-4,,,,,3-4,,1-0,0-2,3-1,0-3,,2006,3.0,0,0,,,,,,,,,,,,
10,Chicago Bulls,2-4,2-1,0-3,2-4,,,,2-4,,,,,1-2,2-2,0-2,,2006,2.0,0,0,,,,,,,,,,,,
11,Indiana Pacers,2-4,1-2,1-2,2-4,,2-4,,,,,,1-0,1-1,2-2,0-2,,2006,2.0,0,0,,,,,,,,,,,,
12,Sacramento Kings,2-4,2-1,0-3,,2-4,,,,,,2-4,1-0,1-3,2-2,0-2,,2006,2.0,0,0,,,,,,,,,,,,
13,Washington Wizards,2-4,1-2,1-2,2-4,,,2-4,,,,,0-3,1-1,2-2,0-2,,2006,2.0,0,0,,,,,,,,,,,,
14,Denver Nuggets,1-4,1-1,0-3,,1-4,,,,,1-4,,0-1,0-3,1-3,0-1,,2006,1.0,0,0,,,,,,,,,,,,
15,Milwaukee Bucks,1-4,1-1,0-3,1-4,,,1-4,,,,,,1-4,1-2,0-2,,2006,1.0,0,0,,,,,,,,,,,,
16,Memphis Grizzlies,0-4,0-2,0-2,,0-4,,,,,,0-4,,0-3,0-3,0-1,,2006,0.0,0,0,,,,,,,,,,,,
1,San Antonio Spurs,16-7,9-3,7-4,4-3,12-4,,4-3,,8-3,4-1,,3-1,9-3,2-1,9-3,5-3,2005,16.0,1,1,,,,,,,,,,,,
2,Detroit Pistons,15-10,9-3,6-7,12-6,3-4,4-1,4-2,4-3,,,3-4,0-1,10-4,2-1,8-4,5-5,2005,15.0,0,1,,,,,,,,,,,,
3,Miami Heat,11-4,6-2,5-2,11-4,,4-0,3-4,4-0,,,,1-0,5-2,3-0,7-2,1-2,2005,11.0,0,0,,,,,,,,,,,,
4,Phoenix Suns,9-6,4-4,5-2,,9-6,,,,,,9-6,0-2,4-2,3-0,6-5,0-1,2005,9.0,0,0,,,,,,,,,,,,
5,Dallas Mavericks,6-7,3-4,3-3,,6-7,,,,,2-4,4-3,2-1,2-4,2-2,4-5,,2005,6.0,0,0,,,,,,,,,,,,
6,Indiana Pacers,6-7,2-4,4-3,6-7,,4-3,2-4,,,,,1-1,2-5,2-2,4-5,,2005,6.0,0,0,,,,,,,,,,,,
7,Seattle SuperSonics,6-5,5-1,1-4,,6-5,,,,,4-1,2-4,1-1,3-4,2-1,4-4,,2005,6.0,0,0,,,,,,,,,,,,
8,Washington Wizards,4-6,3-2,1-4,4-6,,,4-2,0-4,,,,2-0,1-2,1-2,3-4,,2005,4.0,0,0,,,,,,,,,,,,
9,Boston Celtics,3-4,1-3,2-1,3-4,,,3-4,,,,,1-1,2-2,2-2,1-2,,2005,3.0,0,0,,,,,,,,,,,,
10,Houston Rockets,3-4,1-2,2-2,,3-4,,,,,,3-4,1-1,2-1,2-2,1-2,,2005,3.0,0,0,,,,,,,,,,,,
11,Chicago Bulls,2-4,2-1,0-3,2-4,,,,2-4,,,,0-2,1-1,2-1,0-3,,2005,2.0,0,0,,,,,,,,,,,,
12,Denver Nuggets,1-4,0-2,1-2,,1-4,,,,,,1-4,,0-3,1-2,0-2,,2005,1.0,0,0,,,,,,,,,,,,
13,Philadelphia 76ers,1-4,1-1,0-3,1-4,,,1-4,,,,,,1-3,1-2,0-2,,2005,1.0,0,0,,,,,,,,,,,,
14,Sacramento Kings,1-4,1-1,0-3,,1-4,,,,1-4,,,,1-2,1-2,0-2,,2005,1.0,0,0,,,,,,,,,,,,
15,Memphis Grizzlies,0-4,0-2,0-2,,0-4,,,,,0-4,,,0-2,0-3,0-1,,2005,0.0,0,0,,,,,,,,,,,,
16,New Jersey Nets,0-4,0-2,0-2,0-4,,,,0-4,,,,0-1,0-3,0-3,0-1,,2005,0.0,0,0,,,,,,,,,,,,
1,Detroit Pistons,16-7,10-3,6-4,12-6,4-1,4-3,8-3,,,4-1,,,11-3,4-1,7-5,5-1,2004,16.0,1,1,,,,,,,,,,,,
2,Los Angeles Lakers,13-9,10-1,3-8,1-4,12-5,,1-4,,,,,2-1,5-7,4-1,8-4,1-4,2004,13.0,0,1,,,,,12-5,,,,,,,
3,Indiana Pacers,10-6,6-2,4-4,10-6,,8-2,2-4,,,,,1-0,8-2,4-0,6-5,0-1,2004,10.0,0,0,,,,,,,,,,,,
4,Minnesota Timberwolves,10-8,8-2,2-6,,10-8,,,,,6-7,,4-0,5-3,4-1,6-7,,2004,10.0,0,0,,,,,4-1,,,,,,,
5,New Jersey Nets,7-4,4-1,3-3,7-4,,4-0,3-4,,,,,1-0,4-3,4-0,3-4,,2004,7.0,0,0,,,,,,,,,,,,
6,Sacramento Kings,7-5,5-1,2-4,,7-5,,,,,,,2-2,2-2,4-1,3-4,,2004,7.0,0,0,,,,,7-5,,,,,,,
7,Miami Heat,6-7,6-1,0-6,6-7,,,6-7,,,,,1-1,2-4,3-2,3-5,,2004,6.0,0,0,,,,,,,,,,,,
8,San Antonio Spurs,6-4,4-1,2-3,,6-4,,,,,2-4,,1-1,5-2,4-0,2-4,,2004,6.0,0,0,,,,,4-0,,,,,,,
9,New Orleans Hornets,3-4,3-0,0-4,3-4,,3-4,,,,,,0-1,1-1,2-3,1-1,,2004,3.0,0,0,,,,,,,,,,,,
10,Dallas Mavericks,1-4,1-1,0-3,,1-4,,,,,1-4,,0-2,1-1,1-4,,,2004,1.0,0,0,,,,,,,,,,,,
11,Denver Nuggets,1-4,1-1,0-3,,1-4,,,,,,,0-1,1-3,1-4,,,2004,1.0,0,0,,,,,1-4,,,,,,,
12,Houston Rockets,1-4,1-1,0-3,,1-4,,,,,1-4,,0-1,1-2,1-4,,,2004,1.0,0,0,,,,,,,,,,,,
13,Milwaukee Bucks,1-4,0-2,1-2,1-4,,,1-4,,,,,,0-4,1-4,,,2004,1.0,0,0,,,,,,,,,,,,
14,Boston Celtics,0-4,0-2,0-2,0-4,,,0-4,,,,,,0-4,0-4,,,2004,0.0,0,0,,,,,,,,,,,,
15,Memphis Grizzlies,0-4,0-2,0-2,,0-4,,,,,,,0-1,0-3,0-4,,,2004,0.0,0,0,,,,,0-4,,,,,,,
16,New York Knicks,0-4,0-2,0-2,0-4,,0-4,,,,,,0-1,0-2,0-4,,,2004,0.0,0,0,,,,,,,,,,,,
1,San Antonio Spurs,16-8,8-4,8-4,4-2,12-6,4-2,,,,8-4,,2-5,10-2,3-2,9-4,4-2,2003,16.0,1,1,,,,,4-2,,,,,,,
2,New Jersey Nets,14-6,7-3,7-3,12-2,2-4,4-0,8-2,,,,,5-1,5-3,3-2,9-0,2-4,2003,14.0,0,1,,,,,2-4,,,,,,,
3,Dallas Mavericks,10-10,6-5,4-5,,10-10,,,,,8-6,,1-0,7-7,3-2,7-8,,2003,10.0,0,0,,,,,2-4,,,,,,,
4,Detroit Pistons,8-9,6-3,2-6,8-9,,8-9,,,,,,1-2,5-4,2-3,6-6,,2003,8.0,0,0,,,,,,,,,,,,
5,Sacramento Kings,7-5,5-1,2-4,,7-5,,,,,,,0-1,5-3,4-1,3-4,,2003,7.0,0,0,,,,,7-5,,,,,,,
6,Los Angeles Lakers,6-6,4-2,2-4,,6-6,,,,,,,0-1,4-3,3-2,3-4,,2003,6.0,0,0,,,,,6-6,,,,,,,
7,Philadelphia 76ers,6-6,4-2,2-4,6-6,,,6-6,,,,,0-2,2-2,3-2,3-4,,2003,6.0,0,0,,,,,,,,,,,,
8,Boston Celtics,4-6,3-2,1-4,4-6,,0-4,4-2,,,,,1-0,3-2,3-2,1-4,,2003,4.0,0,0,,,,,,,,,,,,
9,Orlando Magic,3-4,2-1,1-3,3-4,,,3-4,,,,,,0-4,3-2,0-2,,2003,3.0,0,0,,,,,,,,,,,,
10,Portland Trail Blazers,3-4,2-1,1-3,,3-4,,,,,,,,2-3,2-3,1-1,,2003,3.0,0,0,,,,,3-4,,,,,,,
11,Indiana Pacers,2-4,2-1,0-3,2-4,,2-4,,,,,,0-1,1-3,2-3,0-1,,2003,2.0,0,0,,,,,,,,,,,,
12,Milwaukee Bucks,2-4,1-2,1-2,2-4,,2-4,,,,,,1-1,0-2,2-3,0-1,,2003,2.0,0,0,,,,,,,,,,,,
13,Minnesota Timberwolves,2-4,1-2,1-2,,2-4,,,,,2-4,,,1-3,2-3,0-1,,2003,2.0,0,0,,,,,,,,,,,,
14,New Orleans Hornets,2-4,1-2,1-2,2-4,,2-4,,,,,,1-0,1-0,2-3,0-1,,2003,2.0,0,0,,,,,,,,,,,,
15,Phoenix Suns,2-4,1-2,1-2,,2-4,,,,,,,2-1,0-2,2-3,0-1,,2003,2.0,0,0,,,,,2-4,,,,,,,
16,Utah Jazz,1-4,1-1,0-3,,1-4,,,,,1-4,,1-0,0-3,1-4,,,2003,1.0,0,0,,,,,,,,,,,,
1,Los Angeles Lakers,15-4,8-2,7-2,4-0,11-4,4-0,,,,7-3,,4-2,2-1,3-0,7-4,5-0,2002,15.0,1,1,,,,,4-1,,,,,,,
2,New Jersey Nets,11-9,7-4,4-5,11-5,0-4,4-2,7-3,,,0-4,,2-1,5-3,2-2,9-3,0-4,2002,11.0,0,1,,,,,,,,,,,,
3,Sacramento Kings,10-6,5-4,5-2,,10-6,,,,,3-4,,4-1,3-0,3-1,7-4,0-1,2002,10.0,0,0,,,,,7-2,,,,,,,
4,Boston Celtics,9-7,6-2,3-5,9-7,,5-6,4-1,,,,,1-2,3-2,2-1,7-6,,2002,9.0,0,0,,,,,,,,,,,,
5,Charlotte Hornets,4-5,2-2,2-3,4-5,,4-5,,,,,,1-0,3-2,3-1,1-4,,2002,4.0,0,0,,,,,,,,,,,,
6,Dallas Mavericks,4-4,2-2,2-2,,4-4,,,,,1-4,,0-1,2-2,3-0,1-4,,2002,4.0,0,0,,,,,3-0,,,,,,,
7,Detroit Pistons,4-6,4-2,0-4,4-6,,1-4,3-2,,,,,1-1,2-2,2-2,2-4,,2002,4.0,0,0,,,,,,,,,,,,
8,San Antonio Spurs,4-6,2-3,2-3,,4-6,,,,,4-6,,1-1,3-2,2-1,2-5,,2002,4.0,0,0,,,,,,,,,,,,
9,Indiana Pacers,2-3,1-1,1-2,2-3,,2-3,,,,,,0-1,1-2,2-2,0-1,,2002,2.0,0,0,,,,,,,,,,,,
10,Philadelphia 76ers,2-3,2-0,0-3,2-3,,2-3,,,,,,1-0,0-2,1-2,1-1,,2002,2.0,0,0,,,,,,,,,,,,
11,Seattle SuperSonics,2-3,1-1,1-2,,2-3,,,,,,,,1-3,1-2,1-1,,2002,2.0,0,0,,,,,2-3,,,,,,,
12,Toronto Raptors,2-3,2-0,0-3,2-3,,,2-3,,,,,0-1,1-1,2-2,0-1,,2002,2.0,0,0,,,,,,,,,,,,
13,Orlando Magic,1-3,0-2,1-1,1-3,,,1-3,,,,,0-1,0-2,1-3,,,2002,1.0,0,0,,,,,,,,,,,,
14,Utah Jazz,1-3,0-2,1-1,,1-3,,,,,1-3,,0-2,,1-3,,,2002,1.0,0,0,,,,,,,,,,,,
15,Minnesota Timberwolves,0-3,0-1,0-2,,0-3,,,,,,,,0-2,0-3,,,2002,0.0,0,0,,,,,0-3,,,,,,,
16,Portland Trail Blazers,0-3,0-1,0-2,,0-3,,,,,0-3,,0-1,,0-3,,,2002,0.0,0,0,,,,,,,,,,,,
1,Los Angeles Lakers,15-1,7-1,8-0,4-1,11-0,4-1,,,,7-0,,1-0,9-0,3-0,8-0,4-1,2001,15.0,1,1,,,,,4-0,,,,,,,
2,Philadelphia 76ers,12-11,7-6,5-5,11-7,1-4,,11-7,,,1-4,,3-2,3-6,2-1,8-5,2-5,2001,12.0,0,1,,,,,,,,,,,,
3,Milwaukee Bucks,10-8,7-2,3-6,10-8,,6-5,4-3,,,,,1-1,4-2,2-1,7-6,1-1,2001,10.0,0,0,,,,,,,,,,,,
4,San Antonio Spurs,7-6,5-2,2-4,,7-6,,,,,0-4,,,6-3,3-1,4-5,,2001,7.0,0,0,,,,,7-2,,,,,,,
5,Charlotte Hornets,6-4,3-1,3-3,6-4,,3-0,3-4,,,,,0-1,4-1,3-0,3-4,,2001,6.0,0,0,,,,,,,,,,,,
6,Toronto Raptors,6-6,3-2,3-4,6-6,,6-6,,,,,,1-1,3-1,1-2,5-4,,2001,6.0,0,0,,,,,,,,,,,,
7,Dallas Mavericks,4-6,3-1,1-5,,4-6,,,,,,,2-1,1-5,1-2,3-4,,2001,4.0,0,0,,,,,4-6,,,,,,,
8,Sacramento Kings,3-5,1-3,2-2,,3-5,,,,,3-5,,0-2,1-1,2-1,1-4,,2001,3.0,0,0,,,,,,,,,,,,
9,New York Knicks,2-3,1-2,1-1,2-3,,,2-3,,,,,,0-1,2-1,0-2,,2001,2.0,0,0,,,,,,,,,,,,
10,Utah Jazz,2-3,2-1,0-2,,2-3,,,,,,,1-2,1-1,2-1,0-2,,2001,2.0,0,0,,,,,2-3,,,,,,,
11,Indiana Pacers,1-3,0-2,1-1,1-3,,1-3,,,,,,1-1,0-1,1-2,0-1,,2001,1.0,0,0,,,,,,,,,,,,
12,Minnesota Timberwolves,1-3,1-1,0-2,,1-3,,,,,,,,0-2,1-3,,,2001,1.0,0,0,,,,,1-3,,,,,,,
13,Orlando Magic,1-3,1-1,0-2,1-3,,,1-3,,,,,,0-1,1-2,0-1,,2001,1.0,0,0,,,,,,,,,,,,
14,Phoenix Suns,1-3,0-2,1-1,,1-3,,,,,1-3,,1-0,0-1,1-2,0-1,,2001,1.0,0,0,,,,,,,,,,,,
15,Miami Heat,0-3,0-2,0-1,0-3,,,0-3,,,,,,0-3,0-3,,,2001,0.0,0,0,,,,,,,,,,,,
16,Portland Trail Blazers,0-3,0-1,0-2,,0-3,,,,,0-3,,,0-3,0-3,,,2001,0.0,0,0,,,,,,,,,,,,
1,Los Angeles Lakers,15-8,11-2,4-6,4-2,11-6,,4-2,,,11-6,,3-0,8-5,2-1,8-4,5-3,2000,15.0,1,1,,,,,,,,,,,,
2,Indiana Pacers,13-10,9-3,4-7,11-6,2-4,8-4,3-2,,,2-4,,2-4,6-4,2-1,8-5,3-4,2000,13.0,0,1,,,,,,,,,,,,
3,Portland Trail Blazers,10-6,6-2,4-4,,10-6,,,,,3-4,,2-2,5-2,2-1,7-4,1-1,2000,10.0,0,0,,,,,7-2,,,,,,,
4,New York Knicks,9-7,6-2,3-5,9-7,,4-3,5-4,,,,,5-1,0-2,3-0,6-6,0-1,2000,9.0,0,0,,,,,,,,,,,,
5,Miami Heat,6-4,4-2,2-2,6-4,,3-4,3-0,,,,,2-2,2-0,3-0,3-4,,2000,6.0,0,0,,,,,,,,,,,,
6,Philadelphia 76ers,5-5,3-2,2-3,5-5,,,5-5,,,,,1-0,2-3,2-1,3-4,,2000,5.0,0,0,,,,,,,,,,,,
7,Phoenix Suns,4-5,3-1,1-4,,4-5,,,,,1-4,,1-1,2-3,2-1,2-4,,2000,4.0,0,0,,,,,3-1,,,,,,,
8,Utah Jazz,4-6,4-1,0-5,,4-6,,,,,4-6,,2-1,2-5,2-1,2-5,,2000,4.0,0,0,,,,,,,,,,,,
9,Milwaukee Bucks,2-3,1-1,1-2,2-3,,,2-3,,,,,0-2,2-1,1-2,1-1,,2000,2.0,0,0,,,,,,,,,,,,
10,Sacramento Kings,2-3,2-0,0-3,,2-3,,,,,2-3,,,1-3,1-2,1-1,,2000,2.0,0,0,,,,,,,,,,,,
11,Seattle SuperSonics,2-3,2-0,0-3,,2-3,,,,,,,0-1,2-2,1-2,1-1,,2000,2.0,0,0,,,,,2-3,,,,,,,
12,Charlotte Hornets,1-3,1-1,0-2,1-3,,1-3,,,,,,,1-1,1-2,0-1,,2000,1.0,0,0,,,,,,,,,,,,
13,Minnesota Timberwolves,1-3,1-1,0-2,,1-3,,,,,1-3,,0-1,,1-2,0-1,,2000,1.0,0,0,,,,,,,,,,,,
14,San Antonio Spurs,1-3,1-1,0-2,,1-3,,,,,1-3,,0-1,1-1,1-2,0-1,,2000,1.0,0,0,,,,,,,,,,,,
15,Detroit Pistons,0-3,0-1,0-2,0-3,,0-3,,,,,,0-1,0-2,0-3,,,2000,0.0,0,0,,,,,,,,,,,,
16,Toronto Raptors,0-3,0-1,0-2,0-3,,0-3,,,,,,0-1,,0-3,,,2000,0.0,0,0,,,,,,,,,,,,
1,San Antonio Spurs,15-2,7-1,8-1,4-1,11-1,4-1,,,,8-0,,3-0,8-0,,9-1,6-1,1999,15.0,1,1,,,,,3-1,,,,,,,
2,New York Knicks,12-8,6-4,6-4,11-4,1-4,3-2,8-2,,,,,3-2,4-5,,8-2,4-6,1999,12.0,0,1,,,,,1-4,,,,,,,
3,Indiana Pacers,9-4,5-2,4-2,9-4,,6-4,3-0,,,,,4-2,3-0,,7-1,2-3,1999,9.0,0,0,,,,,,,,,,,,
4,Portland Trail Blazers,7-6,5-2,2-4,,7-6,,,,,3-0,,1-1,5-4,,7-4,0-2,1999,7.0,0,0,,,,,4-6,,,,,,,
5,Utah Jazz,5-6,4-2,1-4,,5-6,,,,,5-6,,1-2,3-3,,5-6,,1999,5.0,0,0,,,,,,,,,,,,
6,Atlanta Hawks,3-6,3-2,0-4,3-6,,0-4,3-2,,,,,,3-4,,3-6,,1999,3.0,0,0,,,,,,,,,,,,
7,Los Angeles Lakers,3-5,2-2,1-3,,3-5,,,,,,,1-1,2-3,,3-5,,1999,3.0,0,0,,,,,3-5,,,,,,,
8,Philadelphia 76ers,3-5,2-2,1-3,3-5,,3-1,0-4,,,,,0-2,3-2,,3-5,,1999,3.0,0,0,,,,,,,,,,,,
9,Detroit Pistons,2-3,2-0,0-3,2-3,,,2-3,,,,,,2-3,,2-3,,1999,2.0,0,0,,,,,,,,,,,,
10,Miami Heat,2-3,1-2,1-1,2-3,,2-3,,,,,,0-1,2-2,,2-3,,1999,2.0,0,0,,,,,,,,,,,,
11,Sacramento Kings,2-3,1-1,1-2,,2-3,,,,,,,1-1,1-1,,2-3,,1999,2.0,0,0,,,,,2-3,,,,,,,
12,Houston Rockets,1-3,1-1,0-2,,1-3,,,,,1-3,,0-1,1-2,,1-3,,1999,1.0,0,0,,,,,,,,,,,,
13,Minnesota Timberwolves,1-3,0-2,1-1,,1-3,,,,,,,,0-2,,1-3,,1999,1.0,0,0,,,,,1-3,,,,,,,
14,Orlando Magic,1-3,1-1,0-2,1-3,,1-3,,,,,,,1-3,,1-3,,1999,1.0,0,0,,,,,,,,,,,,
15,Milwaukee Bucks,0-3,0-1,0-2,0-3,,,0-3,,,,,0-1,0-1,,0-3,,1999,0.0,0,0,,,,,,,,,,,,
16,Phoenix Suns,0-3,0-1,0-2,,0-3,,,,,0-3,,,0-3,,0-3,,1999,0.0,0,0,,,,,,,,,,,,
1,Chicago Bulls,15-6,10-2,5-4,11-4,4-2,3-0,8-4,,,,,2-6,6-0,3-0,8-4,4-2,1998,15.0,1,1,,,,,4-2,,,,,,,
2,Utah Jazz,13-7,8-3,5-4,2-4,11-3,,2-4,,,4-0,,4-1,6-3,1-2,10-1,2-4,1998,13.0,0,1,,,,,7-3,,,,,,,
3,Indiana Pacers,10-6,8-0,2-6,10-6,,4-1,6-5,,,,,3-0,4-1,3-1,7-5,,1998,10.0,0,0,,,,,,,,,,,,
4,Los Angeles Lakers,7-6,4-2,3-4,,7-6,,,,,7-2,,1-0,5-3,3-1,4-5,,1998,7.0,0,0,,,,,0-4,,,,,,,
5,Charlotte Hornets,4-5,2-2,2-3,4-5,,,4-5,,,,,1-0,1-4,2-1,2-4,,1998,4.0,0,0,,,,,,,,,,,,
6,New York Knicks,4-6,2-2,2-4,4-6,,3-2,1-4,,,,,,2-4,2-2,2-4,,1998,4.0,0,0,,,,,,,,,,,,
7,San Antonio Spurs,4-5,3-1,1-4,,4-5,,,,,3-1,,0-2,3-1,3-1,1-4,,1998,4.0,0,0,,,,,1-4,,,,,,,
8,Seattle SuperSonics,4-6,3-3,1-3,,4-6,,,,,1-4,,,3-4,2-2,2-4,,1998,4.0,0,0,,,,,3-2,,,,,,,
9,Houston Rockets,2-3,1-1,1-2,,2-3,,,,,,,,1-3,2-1,0-2,,1998,2.0,0,0,,,,,2-3,,,,,,,
10,Miami Heat,2-3,1-2,1-1,2-3,,2-3,,,,,,,1-2,2-2,0-1,,1998,2.0,0,0,,,,,,,,,,,,
11,Minnesota Timberwolves,2-3,1-1,1-2,,2-3,,,,,2-3,,,0-2,2-2,0-1,,1998,2.0,0,0,,,,,,,,,,,,
12,Atlanta Hawks,1-3,1-1,0-2,1-3,,,1-3,,,,,,1-1,1-2,0-1,,1998,1.0,0,0,,,,,,,,,,,,
13,Cleveland Cavaliers,1-3,1-1,0-2,1-3,,,1-3,,,,,,0-1,1-3,,,1998,1.0,0,0,,,,,,,,,,,,
14,Phoenix Suns,1-3,1-1,0-2,,1-3,,,,,,,,0-2,1-3,,,1998,1.0,0,0,,,,,1-3,,,,,,,
15,Portland Trail Blazers,1-3,1-1,0-2,,1-3,,,,,1-3,,0-1,0-1,1-3,,,1998,1.0,0,0,,,,,,,,,,,,
16,New Jersey Nets,0-3,0-1,0-2,0-3,,,0-3,,,,,0-1,0-1,0-3,,,1998,0.0,0,0,,,,,,,,,,,,
1,Chicago Bulls,15-4,10-1,5-3,11-2,4-2,7-1,4-1,,,,,4-0,6-1,3-0,8-2,4-2,1997,15.0,1,1,,,,,4-2,,,,,,,
2,Utah Jazz,13-7,10-1,3-6,2-4,11-3,,2-4,,,7-1,,2-3,7-3,3-0,8-3,2-4,1997,13.0,0,1,,,,,4-2,,,,,,,
3,Houston Rockets,9-7,6-3,3-4,,9-7,,,,,4-3,,1-2,4-2,3-0,6-7,,1997,9.0,0,0,,,,,5-4,,,,,,,
4,Miami Heat,8-9,7-2,1-7,8-9,,7-5,1-4,,,,,,4-4,2-1,6-8,,1997,8.0,0,0,,,,,,,,,,,,
5,New York Knicks,6-4,4-1,2-3,6-4,,3-4,3-0,,,,,,2-2,3-0,3-4,,1997,6.0,0,0,,,,,,,,,,,,
6,Seattle SuperSonics,6-6,3-3,3-3,,6-6,,,,,3-2,,1-0,2-1,1-2,5-4,,1997,6.0,0,0,,,,,3-4,,,,,,,
7,Atlanta Hawks,4-6,2-3,2-3,4-6,,,4-6,,,,,0-1,2-3,1-2,3-4,,1997,4.0,0,0,,,,,,,,,,,,
8,Los Angeles Lakers,4-5,3-1,1-4,,4-5,,,,,3-1,,0-1,3-2,2-1,2-4,,1997,4.0,0,0,,,,,1-4,,,,,,,
9,Detroit Pistons,2-3,1-1,1-2,2-3,,,2-3,,,,,,1-2,2-1,0-2,,1997,2.0,0,0,,,,,,,,,,,,
10,Orlando Magic,2-3,2-0,0-3,2-3,,2-3,,,,,,,1-2,1-2,1-1,,1997,2.0,0,0,,,,,,,,,,,,
11,Phoenix Suns,2-3,1-1,1-2,,2-3,,,,,2-3,,,0-2,2-1,0-2,,1997,2.0,0,0,,,,,,,,,,,,
12,Portland Trail Blazers,1-3,1-1,0-2,,1-3,,,,,1-3,,,0-2,1-2,0-1,,1997,1.0,0,0,,,,,,,,,,,,
13,Charlotte Hornets,0-3,0-1,0-2,0-3,,0-3,,,,,,,0-1,0-3,,,1997,0.0,0,0,,,,,,,,,,,,
14,Los Angeles Clippers,0-3,0-1,0-2,,0-3,,,,,,,,0-2,0-3,,,1997,0.0,0,0,,,,,0-3,,,,,,,
15,Minnesota Timberwolves,0-3,0-1,0-2,,0-3,,,,,,,,0-2,0-3,,,1997,0.0,0,0,,,,,0-3,,,,,,,
16,Washington Bullets,0-3,0-1,0-2,0-3,,,0-3,,,,,0-1,0-1,0-3,,,1997,0.0,0,0,,,,,,,,,,,,
1,Chicago Bulls,15-3,10-0,5-3,11-1,4-2,11-1,,,,4-2,,1-1,10-2,2-0,9-1,4-2,1996,15.0,1,1,,,,,,,,,,,,
2,Seattle SuperSonics,13-8,8-3,5-5,2-4,11-4,,2-4,,,3-1,,2-1,6-5,2-1,8-3,3-4,1996,13.0,0,1,,,,,8-3,,,,,,,
3,Utah Jazz,10-8,8-1,2-7,,10-8,,,,,6-6,,1-2,8-3,2-1,8-6,0-1,1996,10.0,0,0,,,,,4-2,,,,,,,
4,Orlando Magic,7-5,5-2,2-3,7-5,,,7-5,,,,,1-0,4-2,3-0,4-5,,1996,7.0,0,0,,,,,,,,,,,,
5,San Antonio Spurs,5-5,4-1,1-4,,5-5,,,,,3-1,,0-1,4-4,2-0,3-5,,1996,5.0,0,0,,,,,2-4,,,,,,,
6,Atlanta Hawks,4-6,2-2,2-4,4-6,,1-4,3-2,,,,,1-0,1-2,2-1,2-5,,1996,4.0,0,0,,,,,,,,,,,,
7,New York Knicks,4-4,2-1,2-3,4-4,,,4-4,,,,,1-1,1-2,2-0,2-4,,1996,4.0,0,0,,,,,,,,,,,,
8,Houston Rockets,3-5,2-2,1-3,,3-5,,,,,3-5,,0-1,0-2,2-1,1-4,,1996,3.0,0,0,,,,,,,,,,,,
9,Indiana Pacers,2-3,1-2,1-1,2-3,,,2-3,,,,,0-1,0-1,1-2,1-1,,1996,2.0,0,0,,,,,,,,,,,,
10,Portland Trail Blazers,2-3,2-0,0-3,,2-3,,,,,,,1-0,0-2,1-2,1-1,,1996,2.0,0,0,,,,,2-3,,,,,,,
11,Los Angeles Lakers,1-3,1-1,0-2,,1-3,,,,,,,,1-0,1-2,0-1,,1996,1.0,0,0,,,,,1-3,,,,,,,
12,Phoenix Suns,1-3,1-1,0-2,,1-3,,,,,,,1-0,0-2,0-2,1-1,,1996,1.0,0,0,,,,,1-3,,,,,,,
13,Sacramento Kings,1-3,0-2,1-1,,1-3,,,,,1-3,,,0-2,1-2,0-1,,1996,1.0,0,0,,,,,,,,,,,,
14,Cleveland Cavaliers,0-3,0-2,0-1,0-3,,0-3,,,,,,,0-1,0-2,0-1,,1996,0.0,0,0,,,,,,,,,,,,
15,Detroit Pistons,0-3,0-1,0-2,0-3,,0-3,,,,,,0-1,0-2,0-3,,,1996,0.0,0,0,,,,,,,,,,,,
16,Miami Heat,0-3,0-1,0-2,0-3,,,0-3,,,,,,0-3,0-2,0-1,,1996,0.0,0,0,,,,,,,,,,,,
1,Houston Rockets,15-7,6-4,9-3,4-0,11-7,4-0,,,,4-3,,4-1,8-4,1-1,9-6,5-0,1995,15.0,1,1,,,,,7-4,,,,,,,
2,Orlando Magic,11-10,7-4,4-6,11-6,0-4,3-1,8-5,,,,,3-3,2-5,1-1,9-4,1-5,1995,11.0,0,1,,,,,0-4,,,,,,,
3,Indiana Pacers,10-7,7-1,3-6,10-7,,7-7,3-0,,,,,4-2,3-3,2-0,7-6,1-1,1995,10.0,0,0,,,,,,,,,,,,
4,San Antonio Spurs,9-6,4-4,5-2,,9-6,,,,,4-2,,0-2,5-2,2-0,7-5,0-1,1995,9.0,0,0,,,,,5-4,,,,,,,
5,New York Knicks,6-5,3-3,3-2,6-5,,,6-5,,,,,2-3,4-1,1-1,5-4,,1995,6.0,0,0,,,,,,,,,,,,
6,Phoenix Suns,6-4,4-2,2-2,,6-4,,,,,3-0,,0-1,3-2,2-0,4-4,,1995,6.0,0,0,,,,,3-4,,,,,,,
7,Chicago Bulls,5-5,3-2,2-3,5-5,,2-4,3-1,,,,,1-1,3-1,1-1,4-4,,1995,5.0,0,0,,,,,,,,,,,,
8,Los Angeles Lakers,5-5,3-2,2-3,,5-5,,,,,3-1,,2-0,0-3,1-1,4-4,,1995,5.0,0,0,,,,,2-4,,,,,,,
9,Utah Jazz,2-3,1-2,1-1,,2-3,,,,,,,1-0,1-2,1-1,1-2,,1995,2.0,0,0,,,,,2-3,,,,,,,
10,Boston Celtics,1-3,0-2,1-1,1-3,,1-3,,,,,,0-1,0-1,1-1,0-2,,1995,1.0,0,0,,,,,,,,,,,,
11,Charlotte Hornets,1-3,1-1,0-2,1-3,,,1-3,,,,,0-1,1-1,1-1,0-2,,1995,1.0,0,0,,,,,,,,,,,,
12,Cleveland Cavaliers,1-3,0-2,1-1,1-3,,1-3,,,,,,0-1,0-2,1-1,0-2,,1995,1.0,0,0,,,,,,,,,,,,
13,Seattle SuperSonics,1-3,1-1,0-2,,1-3,,,,,1-3,,0-1,1-0,1-1,0-2,,1995,1.0,0,0,,,,,,,,,,,,
14,Atlanta Hawks,0-3,0-1,0-2,0-3,,,0-3,,,,,,0-1,0-2,0-1,,1995,0.0,0,0,,,,,,,,,,,,
15,Denver Nuggets,0-3,0-1,0-2,,0-3,,,,,,,,0-2,0-2,0-1,,1995,0.0,0,0,,,,,0-3,,,,,,,
16,Portland Trail Blazers,0-3,0-1,0-2,,0-3,,,,,0-3,,,0-1,0-2,0-1,,1995,0.0,0,0,,,,,,,,,,,,
1,Houston Rockets,15-8,10-3,5-5,4-3,11-5,4-3,,,,7-4,,3-1,8-1,1-0,10-5,4-3,1994,15.0,1,1,,,,,4-1,,,,,,,
2,New York Knicks,14-11,11-2,3-9,11-7,3-4,3-1,8-6,,,,,1-3,5-3,1-0,8-6,5-5,1994,14.0,0,1,,,,,3-4,,,,,,,
3,Indiana Pacers,10-6,6-1,4-5,10-6,,6-4,4-2,,,,,2-0,6-4,2-0,7-4,1-2,1994,10.0,0,0,,,,,,,,,,,,
4,Utah Jazz,8-8,6-2,2-6,,8-8,,,,,,,1-3,4-3,1-1,7-7,,1994,8.0,0,0,,,,,8-8,,,,,,,
5,Chicago Bulls,6-4,5-0,1-4,6-4,,3-4,3-0,,,,,2-1,2-1,1-0,5-4,,1994,6.0,0,0,,,,,,,,,,,,
6,Denver Nuggets,6-6,4-1,2-5,,6-6,,,,,3-2,,2-1,1-4,0-2,6-4,,1994,6.0,0,0,,,,,3-4,,,,,,,
7,Phoenix Suns,6-4,3-2,3-2,,6-4,,,,,3-0,,,1-4,1-0,5-4,,1994,6.0,0,0,,,,,3-4,,,,,,,
8,Atlanta Hawks,5-6,4-2,1-4,5-6,,3-2,2-4,,,,,,5-4,1-1,4-5,,1994,5.0,0,0,,,,,,,,,,,,
9,Miami Heat,2-3,1-1,1-2,2-3,,,2-3,,,,,,0-3,1-1,1-2,,1994,2.0,0,0,,,,,,,,,,,,
10,Seattle SuperSonics,2-3,2-1,0-2,,2-3,,,,,,,,2-1,2-0,0-3,,1994,2.0,0,0,,,,,2-3,,,,,,,
11,New Jersey Nets,1-3,1-1,0-2,1-3,,1-3,,,,,,1-0,0-2,0-1,1-2,,1994,1.0,0,0,,,,,,,,,,,,
12,Portland Trail Blazers,1-3,1-1,0-2,,1-3,,,,,,,1-1,0-2,0-1,1-2,,1994,1.0,0,0,,,,,1-3,,,,,,,
13,San Antonio Spurs,1-3,1-1,0-2,,1-3,,,,,,,,1-2,1-1,0-2,,1994,1.0,0,0,,,,,1-3,,,,,,,
14,Cleveland Cavaliers,0-3,0-1,0-2,0-3,,,0-3,,,,,0-1,,0-1,0-2,,1994,0.0,0,0,,,,,,,,,,,,
15,Golden State Warriors,0-3,0-1,0-2,,0-3,,,,,0-3,,,,0-1,0-2,,1994,0.0,0,0,,,,,,,,,,,,
16,Orlando Magic,0-3,0-2,0-1,0-3,,,0-3,,,,,0-2,0-1,0-2,0-1,,1994,0.0,0,0,,,,,,,,,,,,
1,Chicago Bulls,15-4,8-2,7-2,11-2,4-2,4-2,7-0,,,4-2,,4-0,6-1,1-0,8-2,6-2,1993,15.0,1,1,,,,,,,,,,,,
2,Phoenix Suns,13-11,7-6,6-5,2-4,11-7,,2-4,,,7-5,,1-2,5-4,0-1,9-5,4-5,1993,13.0,0,1,,,,,4-2,,,,,,,
3,Seattle SuperSonics,10-9,8-2,2-7,,10-9,,,,,3-4,,1-0,6-6,1-0,8-7,1-2,1993,10.0,0,0,,,,,7-5,,,,,,,
4,New York Knicks,9-6,7-1,2-5,9-6,,,9-6,,,,,2-1,2-3,1-0,8-4,0-2,1993,9.0,0,0,,,,,,,,,,,,
5,Houston Rockets,6-6,5-1,1-5,,6-6,,,,,6-6,,0-2,5-3,1-0,5-6,,1993,6.0,0,0,,,,,,,,,,,,
6,San Antonio Spurs,5-5,4-1,1-4,,5-5,,,,,5-5,,2-1,2-1,1-0,4-5,,1993,5.0,0,0,,,,,,,,,,,,
7,Charlotte Hornets,4-5,3-1,1-4,4-5,,4-5,,,,,,2-1,1-2,0-1,4-4,,1993,4.0,0,0,,,,,,,,,,,,
8,Cleveland Cavaliers,3-6,2-3,1-3,3-6,,3-2,0-4,,,,,0-2,2-2,1-0,2-6,,1993,3.0,0,0,,,,,,,,,,,,
9,Los Angeles Clippers,2-3,1-1,1-2,,2-3,,,,,,,1-0,1-2,0-1,2-2,,1993,2.0,0,0,,,,,2-3,,,,,,,
10,Los Angeles Lakers,2-3,0-2,2-1,,2-3,,,,,2-3,,,0-1,1-0,1-3,,1993,2.0,0,0,,,,,,,,,,,,
11,New Jersey Nets,2-3,1-1,1-2,2-3,,,2-3,,,,,1-0,1-2,0-1,2-2,,1993,2.0,0,0,,,,,,,,,,,,
12,Utah Jazz,2-3,1-1,1-2,,2-3,,,,,2-3,,,1-2,0-1,2-2,,1993,2.0,0,0,,,,,,,,,,,,
13,Boston Celtics,1-3,1-1,0-2,1-3,,,1-3,,,,,0-2,1-1,1-0,0-3,,1993,1.0,0,0,,,,,,,,,,,,
14,Indiana Pacers,1-3,1-1,0-2,1-3,,1-3,,,,,,0-1,1-1,0-1,1-2,,1993,1.0,0,0,,,,,,,,,,,,
15,Portland Trail Blazers,1-3,1-1,0-2,,1-3,,,,,,,0-2,,0-1,1-2,,1993,1.0,0,0,,,,,1-3,,,,,,,
16,Atlanta Hawks,0-3,0-1,0-2,0-3,,,0-3,,,,,,0-3,0-1,0-2,,1993,0.0,0,0,,,,,,,,,,,,
1,Chicago Bulls,15-7,9-3,6-4,11-5,4-2,7-3,4-2,,,4-2,,,8-4,3-0,8-5,4-2,1992,15.0,1,1,,,,,,,,,,,,
2,Portland Trail Blazers,13-8,9-2,4-6,2-4,11-4,,2-4,,,7-2,,2-1,7-3,2-1,9-3,2-4,1992,13.0,0,1,,,,,4-2,,,,,,,
3,Cleveland Cavaliers,9-8,6-3,3-5,9-8,,7-4,2-4,,,,,1-1,6-3,3-1,6-7,,1992,9.0,0,0,,,,,,,,,,,,
4,Utah Jazz,9-7,8-1,1-6,,9-7,,,,,9-7,,,3-3,2-1,7-6,,1992,9.0,0,0,,,,,,,,,,,,
5,Boston Celtics,6-4,4-1,2-3,6-4,,,6-4,,,,,1-1,2-3,3-0,3-4,,1992,6.0,0,0,,,,,,,,,,,,
6,New York Knicks,6-6,4-2,2-4,6-6,,,6-6,,,,,1-1,2-1,2-1,4-5,,1992,6.0,0,0,,,,,,,,,,,,
7,Phoenix Suns,4-4,3-1,1-3,,4-4,,,,,1-4,,0-2,1-1,3-0,1-4,,1992,4.0,0,0,,,,,3-0,,,,,,,
8,Seattle SuperSonics,4-5,3-1,1-4,,4-5,,,,,3-1,,2-0,0-2,3-1,1-4,,1992,4.0,0,0,,,,,1-4,,,,,,,
9,Detroit Pistons,2-3,1-1,1-2,2-3,,2-3,,,,,,1-1,0-1,1-2,1-1,,1992,2.0,0,0,,,,,,,,,,,,
10,Los Angeles Clippers,2-3,2-0,0-3,,2-3,,,,,,,,1-2,1-2,1-1,,1992,2.0,0,0,,,,,2-3,,,,,,,
11,Golden State Warriors,1-3,1-1,0-2,,1-3,,,,,1-3,,0-2,1-0,1-3,,,1992,1.0,0,0,,,,,,,,,,,,
12,Los Angeles Lakers,1-3,1-1,0-2,,1-3,,,,,1-3,,1-0,0-3,1-2,0-1,,1992,1.0,0,0,,,,,,,,,,,,
13,New Jersey Nets,1-3,1-1,0-2,1-3,,,1-3,,,,,,0-1,1-3,,,1992,1.0,0,0,,,,,,,,,,,,
14,Indiana Pacers,0-3,0-1,0-2,0-3,,0-3,,,,,,,0-1,0-3,,,1992,0.0,0,0,,,,,,,,,,,,
15,Miami Heat,0-3,0-1,0-2,0-3,,,0-3,,,,,,0-2,0-3,,,1992,0.0,0,0,,,,,,,,,,,,
16,San Antonio Spurs,0-3,0-1,0-2,,0-3,,,,,0-3,,,0-1,0-3,,,1992,0.0,0,0,,,,,,,,,,,,
1,Chicago Bulls,15-2,8-1,7-1,11-1,4-1,7-1,4-0,,,4-1,,0-2,9-0,3-0,8-1,4-1,1991,15.0,1,1,,,,,,,,,,,,
2,Los Angeles Lakers,12-7,7-4,5-3,1-4,11-3,,1-4,,,8-3,,4-1,5-4,3-0,8-3,1-4,1991,12.0,0,1,,,,,3-0,,,,,,,
3,Portland Trail Blazers,9-7,8-1,1-6,,9-7,,,,,5-6,,2-2,4-3,2-1,7-6,,1991,9.0,0,0,,,,,4-1,,,,,,,
4,Detroit Pistons,7-8,4-4,3-4,7-8,,4-2,3-6,,,,,,4-4,2-1,5-7,,1991,7.0,0,0,,,,,,,,,,,,
5,Boston Celtics,5-6,3-3,2-3,5-6,,,5-6,,,,,1-1,1-2,1-1,4-5,,1991,5.0,0,0,,,,,,,,,,,,
6,Golden State Warriors,4-5,2-2,2-3,,4-5,,,,,1-4,,2-1,2-2,1-1,3-4,,1991,4.0,0,0,,,,,3-1,,,,,,,
7,Philadelphia 76ers,4-4,2-1,2-3,4-4,,,4-4,,,,,1-0,1-3,3-0,1-4,,1991,4.0,0,0,,,,,,,,,,,,
8,Utah Jazz,4-5,3-1,1-4,,4-5,,,,,4-5,,0-2,1-2,2-1,2-4,,1991,4.0,0,0,,,,,,,,,,,,
9,Atlanta Hawks,2-3,1-1,1-2,2-3,,,2-3,,,,,,1-3,1-2,1-1,,1991,2.0,0,0,,,,,,,,,,,,
10,Indiana Pacers,2-3,1-1,1-2,2-3,,2-3,,,,,,1-1,1-0,1-1,1-2,,1991,2.0,0,0,,,,,,,,,,,,
11,Seattle SuperSonics,2-3,2-0,0-3,,2-3,,,,,2-3,,1-0,1-1,1-2,1-1,,1991,2.0,0,0,,,,,,,,,,,,
12,Phoenix Suns,1-3,1-1,0-2,,1-3,,,,,,,,1-1,1-2,0-1,,1991,1.0,0,0,,,,,1-3,,,,,,,
13,San Antonio Spurs,1-3,1-1,0-2,,1-3,,,,,1-3,,0-1,0-2,1-1,0-2,,1991,1.0,0,0,,,,,,,,,,,,
14,Houston Rockets,0-3,0-1,0-2,,0-3,,,,,0-3,,0-1,0-1,0-3,,,1991,0.0,0,0,,,,,,,,,,,,
15,Milwaukee Bucks,0-3,0-2,0-1,0-3,,0-3,,,,,,,0-1,0-3,,,1991,0.0,0,0,,,,,,,,,,,,
16,New York Knicks,0-3,0-1,0-2,0-3,,,0-3,,,,,,0-2,0-3,,,1991,0.0,0,0,,,,,,,,,,,,
1,Detroit Pistons,15-5,10-1,5-4,11-4,4-1,4-1,7-3,,,4-1,,2-1,9-1,2-0,8-3,5-2,1990,15.0,1,1,,,,,,,,,,,,
2,Portland Trail Blazers,12-9,9-3,3-6,1-4,11-5,,1-4,,,4-2,,5-2,3-6,2-0,9-5,1-4,1990,12.0,0,1,,,,,7-3,,,,,,,
3,Chicago Bulls,10-6,8-0,2-6,10-6,,4-1,6-5,,,,,,6-2,2-0,7-5,1-1,1990,10.0,0,0,,,,,,,,,,,,
4,Phoenix Suns,9-7,5-2,4-5,,9-7,,,,,6-5,,3-3,6-3,1-1,8-6,,1990,9.0,0,0,,,,,3-2,,,,,,,
5,San Antonio Spurs,6-4,5-0,1-4,,6-4,,,,,3-4,,0-1,5-2,2-0,4-4,,1990,6.0,0,0,,,,,3-0,,,,,,,
6,Los Angeles Lakers,4-5,3-2,1-3,,4-5,,,,,1-4,,0-2,3-2,2-0,2-5,,1990,4.0,0,0,,,,,3-1,,,,,,,
7,New York Knicks,4-6,3-1,1-5,4-6,,3-2,1-4,,,,,1-0,1-5,0-2,4-4,,1990,4.0,0,0,,,,,,,,,,,,
8,Philadelphia 76ers,4-6,4-1,0-5,4-6,,,4-6,,,,,,1-5,2-0,2-6,,1990,4.0,0,0,,,,,,,,,,,,
9,Boston Celtics,2-3,2-1,0-2,2-3,,2-3,,,,,,0-1,2-1,2-0,0-3,,1990,2.0,0,0,,,,,,,,,,,,
10,Cleveland Cavaliers,2-3,2-0,0-3,2-3,,2-3,,,,,,,2-1,0-2,2-1,,1990,2.0,0,0,,,,,,,,,,,,
11,Utah Jazz,2-3,1-2,1-1,,2-3,,,,,2-3,,0-1,2-2,1-1,1-2,,1990,2.0,0,0,,,,,,,,,,,,
12,Houston Rockets,1-3,1-1,0-2,,1-3,,,,,1-3,,,0-2,0-2,1-1,,1990,1.0,0,0,,,,,,,,,,,,
13,Milwaukee Bucks,1-3,1-1,0-2,1-3,,,1-3,,,,,,0-2,0-2,1-1,,1990,1.0,0,0,,,,,,,,,,,,
14,Dallas Mavericks,0-3,0-1,0-2,,0-3,,,,,0-3,,,0-1,0-2,0-1,,1990,0.0,0,0,,,,,,,,,,,,
15,Denver Nuggets,0-3,0-1,0-2,,0-3,,,,,,,,0-2,0-2,0-1,,1990,0.0,0,0,,,,,0-3,,,,,,,
16,Indiana Pacers,0-3,0-1,0-2,0-3,,,0-3,,,,,,0-3,0-2,0-1,,1990,0.0,0,0,,,,,,,,,,,,
1,Detroit Pistons,15-2,8-1,7-1,11-2,4-0,3-0,8-2,,,4-0,,2-1,5-0,2-0,8-2,5-0,1989,15.0,1,1,,,,,,,,,,,,
2,Los Angeles Lakers,11-4,6-2,5-2,0-4,11-0,,0-4,,,11-0,,2-1,3-1,2-0,9-0,0-4,1989,11.0,0,1,,,,,,,,,,,,
3,Chicago Bulls,9-8,5-3,4-5,9-8,,4-2,5-6,,,,,3-1,3-1,1-1,8-6,0-1,1989,9.0,0,0,,,,,,,,,,,,
4,Phoenix Suns,7-5,4-3,3-2,,7-5,,,,,4-5,,1-1,4-0,2-0,5-5,,1989,7.0,0,0,,,,,3-0,,,,,,,
5,New York Knicks,5-4,4-1,1-3,5-4,,3-0,2-4,,,,,2-1,1-3,2-0,3-4,,1989,5.0,0,0,,,,,,,,,,,,
6,Golden State Warriors,4-4,1-2,3-2,,4-4,,,,,1-4,,,1-3,2-0,2-4,,1989,4.0,0,0,,,,,3-0,,,,,,,
7,Milwaukee Bucks,3-6,1-3,2-3,3-6,,,3-6,,,,,0-1,1-2,1-1,2-5,,1989,3.0,0,0,,,,,,,,,,,,
8,Seattle SuperSonics,3-5,2-2,1-3,,3-5,,,,,0-4,,1-1,1-3,2-0,1-5,,1989,3.0,0,0,,,,,3-1,,,,,,,
9,Atlanta Hawks,2-3,1-2,1-1,2-3,,,2-3,,,,,,0-1,1-1,1-2,,1989,2.0,0,0,,,,,,,,,,,,
10,Cleveland Cavaliers,2-3,1-2,1-1,2-3,,,2-3,,,,,1-1,,1-1,1-2,,1989,2.0,0,0,,,,,,,,,,,,
11,Houston Rockets,1-3,1-1,0-2,,1-3,,,,,1-3,,0-1,1-1,0-2,1-1,,1989,1.0,0,0,,,,,,,,,,,,
12,Boston Celtics,0-3,0-1,0-2,0-3,,,0-3,,,,,,0-2,0-2,0-1,,1989,0.0,0,0,,,,,,,,,,,,
13,Denver Nuggets,0-3,0-1,0-2,,0-3,,,,,0-3,,0-1,0-1,0-2,0-1,,1989,0.0,0,0,,,,,,,,,,,,
14,Philadelphia 76ers,0-3,0-1,0-2,0-3,,0-3,,,,,,0-2,,0-2,0-1,,1989,0.0,0,0,,,,,,,,,,,,
15,Portland Trail Blazers,0-3,0-1,0-2,,0-3,,,,,0-3,,,0-1,0-2,0-1,,1989,0.0,0,0,,,,,,,,,,,,
16,Utah Jazz,0-3,0-2,0-1,,0-3,,,,,0-3,,,0-1,0-2,0-1,,1989,0.0,0,0,,,,,,,,,,,,
1,Los Angeles Lakers,15-9,12-2,3-7,4-3,11-6,,4-3,,,,,4-1,11-6,1-0,9-5,5-4,1988,15.0,1,1,,,,,11-6,,,,,,,
2,Detroit Pistons,14-9,9-3,5-6,11-5,3-4,7-4,4-1,,,3-4,,1-4,7-3,2-0,7-5,5-4,1988,14.0,0,1,,,,,,,,,,,,
3,Dallas Mavericks,10-7,6-2,4-5,,10-7,,,,,3-4,,2-1,6-6,1-1,8-5,1-1,1988,10.0,0,0,,,,,7-3,,,,,,,
4,Boston Celtics,9-8,6-3,3-5,9-8,,3-1,6-7,,,,,3-0,3-1,1-0,8-6,0-2,1988,9.0,0,0,,,,,,,,,,,,
5,Atlanta Hawks,6-6,5-1,1-5,6-6,,3-4,3-2,,,,,1-2,2-1,1-0,5-6,,1988,6.0,0,0,,,,,,,,,,,,
6,Utah Jazz,6-5,4-1,2-4,,6-5,,,,,6-5,,0-1,2-4,1-1,5-4,,1988,6.0,0,0,,,,,,,,,,,,
7,Denver Nuggets,5-6,3-3,2-3,,5-6,,,,,3-2,,2-0,3-4,1-0,4-6,,1988,5.0,0,0,,,,,2-4,,,,,,,
8,Chicago Bulls,4-6,3-2,1-4,4-6,,,4-6,,,,,,2-3,1-0,3-6,,1988,4.0,0,0,,,,,,,,,,,,
9,Cleveland Cavaliers,2-3,2-0,0-3,2-3,,,2-3,,,,,,0-1,0-1,2-2,,1988,2.0,0,0,,,,,,,,,,,,
10,Milwaukee Bucks,2-3,2-0,0-3,2-3,,,2-3,,,,,0-1,0-1,0-1,2-2,,1988,2.0,0,0,,,,,,,,,,,,
11,Seattle SuperSonics,2-3,1-1,1-2,,2-3,,,,,,,0-1,2-2,0-1,2-2,,1988,2.0,0,0,,,,,2-3,,,,,,,
12,Washington Bullets,2-3,2-0,0-3,2-3,,,2-3,,,,,1-1,0-1,0-2,2-1,,1988,2.0,0,0,,,,,,,,,,,,
13,Houston Rockets,1-3,0-2,1-1,,1-3,,,,,,,0-1,1-2,1-1,0-2,,1988,1.0,0,0,,,,,1-3,,,,,,,
14,New York Knicks,1-3,1-1,0-2,1-3,,1-3,,,,,,,0-2,0-1,1-2,,1988,1.0,0,0,,,,,,,,,,,,
15,Portland Trail Blazers,1-3,1-1,0-2,,1-3,,,,,,,,1-1,1-1,0-2,,1988,1.0,0,0,,,,,1-3,,,,,,,
16,San Antonio Spurs,0-3,0-1,0-2,,0-3,,,,,0-3,,0-1,0-2,0-1,0-2,,1988,0.0,0,0,,,,,,,,,,,,
1,Los Angeles Lakers,15-3,10-0,5-3,4-2,11-1,4-2,,,,8-1,,2-0,10-1,3-0,8-1,4-2,1987,15.0,1,1,,,,,3-0,,,,,,,
2,Boston Celtics,13-10,11-2,2-8,11-6,2-4,,11-6,,,2-4,,4-1,4-6,3-0,8-6,2-4,1987,13.0,0,1,,,,,,,,,,,,
3,Detroit Pistons,10-5,7-0,3-5,10-5,,6-4,4-1,,,,,3-2,4-2,3-0,7-5,,1987,10.0,0,0,,,,,,,,,,,,
4,Seattle SuperSonics,7-7,4-3,3-4,,7-7,,,,,0-4,,3-1,3-3,3-1,4-6,,1987,7.0,0,0,,,,,7-3,,,,,,,
5,Milwaukee Bucks,6-6,4-2,2-4,6-6,,6-6,,,,,,2-3,2-1,2-1,4-5,,1987,6.0,0,0,,,,,,,,,,,,
6,Houston Rockets,5-5,3-2,2-3,,5-5,,,,,5-5,,0-2,3-2,3-1,2-4,,1987,5.0,0,0,,,,,,,,,,,,
7,Atlanta Hawks,4-5,3-2,1-3,4-5,,,4-5,,,,,1-2,2-0,2-1,2-4,,1987,4.0,0,0,,,,,,,,,,,,
8,Golden State Warriors,4-6,3-1,1-5,,4-6,,,,,1-4,,0-1,1-4,1-2,3-4,,1987,4.0,0,0,,,,,3-2,,,,,,,
9,Philadelphia 76ers,2-3,1-1,1-2,2-3,,,2-3,,,,,1-2,0-1,1-2,1-1,,1987,2.0,0,0,,,,,,,,,,,,
10,Utah Jazz,2-3,2-1,0-2,,2-3,,,,,2-3,,1-0,1-1,2-1,0-2,,1987,2.0,0,0,,,,,,,,,,,,
11,Dallas Mavericks,1-3,1-1,0-2,,1-3,,,,,1-3,,0-1,1-2,1-3,,,1987,1.0,0,0,,,,,,,,,,,,
12,Indiana Pacers,1-3,1-1,0-2,1-3,,,1-3,,,,,0-1,0-1,1-2,0-1,,1987,1.0,0,0,,,,,,,,,,,,
13,Portland Trail Blazers,1-3,1-1,0-2,,1-3,,,,,,,,1-2,1-3,,,1987,1.0,0,0,,,,,1-3,,,,,,,
14,Chicago Bulls,0-3,0-1,0-2,0-3,,0-3,,,,,,,0-1,0-3,,,1987,0.0,0,0,,,,,,,,,,,,
15,Denver Nuggets,0-3,0-1,0-2,,0-3,,,,,0-3,,,0-3,0-3,,,1987,0.0,0,0,,,,,,,,,,,,
16,Washington Bullets,0-3,0-1,0-2,0-3,,,0-3,,,,,0-1,0-2,0-3,,,1987,0.0,0,0,,,,,,,,,,,,
1,Boston Celtics,15-3,10-0,5-3,11-1,4-2,,11-1,,,,,1-1,11-2,5-0,8-1,2-2,1986,15.0,1,1,,,,,4-2,,,,,,,
2,Houston Rockets,13-7,9-1,4-6,2-4,11-3,2-4,,,,4-1,,2-3,7-4,5-0,6-5,2-2,1986,13.0,0,1,,,,,7-2,,,,,,,
3,Los Angeles Lakers,8-6,6-2,2-4,,8-6,,,,,,,1-3,6-2,5-0,3-6,,1986,8.0,0,0,,,,,8-6,,,,,,,
4,Milwaukee Bucks,7-7,5-3,2-4,7-7,,7-7,,,,,,1-0,3-4,3-1,4-6,,1986,7.0,0,0,,,,,,,,,,,,
5,Philadelphia 76ers,6-6,4-2,2-4,6-6,,3-2,3-4,,,,,0-2,2-1,4-2,2-4,,1986,6.0,0,0,,,,,,,,,,,,
6,Dallas Mavericks,5-5,4-1,1-4,,5-5,,,,,2-4,,2-2,0-2,3-3,2-2,,1986,5.0,0,0,,,,,3-1,,,,,,,
7,Denver Nuggets,5-5,3-2,2-3,,5-5,,,,,3-1,,2-1,1-2,3-3,2-2,,1986,5.0,0,0,,,,,2-4,,,,,,,
8,Atlanta Hawks,4-5,3-1,1-4,4-5,,1-4,3-1,,,,,1-0,3-3,3-3,1-2,,1986,4.0,0,0,,,,,,,,,,,,
9,Washington Bullets,2-3,1-1,1-2,2-3,,2-3,,,,,,1-0,0-1,2-3,,,1986,2.0,0,0,,,,,,,,,,,,
10,Detroit Pistons,1-3,1-1,0-2,1-3,,,1-3,,,,,0-1,0-2,1-3,,,1986,1.0,0,0,,,,,,,,,,,,
11,Portland Trail Blazers,1-3,0-2,1-1,,1-3,,,,,,,1-0,0-1,1-3,,,1986,1.0,0,0,,,,,1-3,,,,,,,
12,Utah Jazz,1-3,1-1,0-2,,1-3,,,,,,,1-0,,1-3,,,1986,1.0,0,0,,,,,1-3,,,,,,,
13,Chicago Bulls,0-3,0-1,0-2,0-3,,0-3,,,,,,,0-2,0-3,,,1986,0.0,0,0,,,,,,,,,,,,
14,New Jersey Nets,0-3,0-1,0-2,0-3,,,0-3,,,,,,0-2,0-3,,,1986,0.0,0,0,,,,,,,,,,,,
15,Sacramento Kings,0-3,0-1,0-2,,0-3,,,,,,,,0-2,0-3,,,1986,0.0,0,0,,,,,0-3,,,,,,,
16,San Antonio Spurs,0-3,0-1,0-2,,0-3,,,,,0-3,,,0-3,0-3,,,1986,0.0,0,0,,,,,,,,,,,,
1,Los Angeles Lakers,15-4,9-2,6-2,4-2,11-2,4-2,,,,7-1,,0-1,11-2,5-0,7-3,3-1,1985,15.0,1,1,,,,,4-1,,,,,,,
2,Boston Celtics,13-8,9-2,4-6,11-4,2-4,4-1,7-3,,,2-4,,5-1,5-3,5-1,7-4,1-3,1985,13.0,0,1,,,,,,,,,,,,
3,Denver Nuggets,8-7,5-3,3-4,,8-7,,,,,1-4,,1-1,5-3,4-2,4-5,,1985,8.0,0,0,,,,,7-3,,,,,,,
4,Philadelphia 76ers,8-5,5-1,3-4,8-5,,4-5,4-0,,,,,0-1,3-3,5-1,3-4,,1985,8.0,0,0,,,,,,,,,,,,
5,Detroit Pistons,5-4,4-1,1-3,5-4,,5-4,,,,,,2-0,2-2,3-2,2-2,,1985,5.0,0,0,,,,,,,,,,,,
6,Portland Trail Blazers,4-5,3-1,1-4,,4-5,,,,,1-4,,2-0,1-3,3-3,1-2,,1985,4.0,0,0,,,,,3-1,,,,,,,
7,Utah Jazz,4-6,2-2,2-4,,4-6,,,,,,,0-1,1-3,3-3,1-3,,1985,4.0,0,0,,,,,4-6,,,,,,,
8,Milwaukee Bucks,3-5,2-2,1-3,3-5,,0-4,3-1,,,,,0-1,0-1,3-3,0-2,,1985,3.0,0,0,,,,,,,,,,,,
9,Houston Rockets,2-3,1-2,1-1,,2-3,,,,,,,1-0,1-1,2-3,,,1985,2.0,0,0,,,,,2-3,,,,,,,
10,San Antonio Spurs,2-3,1-1,1-2,,2-3,,,,,,,1-1,0-2,2-3,,,1985,2.0,0,0,,,,,2-3,,,,,,,
11,Chicago Bulls,1-3,1-1,0-2,1-3,,,1-3,,,,,1-0,,1-3,,,1985,1.0,0,0,,,,,,,,,,,,
12,Cleveland Cavaliers,1-3,1-1,0-2,1-3,,1-3,,,,,,0-3,,1-3,,,1985,1.0,0,0,,,,,,,,,,,,
13,Dallas Mavericks,1-3,1-1,0-2,,1-3,,,,,1-3,,0-2,0-1,1-3,,,1985,1.0,0,0,,,,,,,,,,,,
14,Washington Bullets,1-3,1-1,0-2,1-3,,1-3,,,,,,,1-1,1-3,,,1985,1.0,0,0,,,,,,,,,,,,
15,New Jersey Nets,0-3,0-1,0-2,0-3,,,0-3,,,,,0-1,0-2,0-3,,,1985,0.0,0,0,,,,,,,,,,,,
16,Phoenix Suns,0-3,0-1,0-2,,0-3,,,,,0-3,,,0-3,0-3,,,1985,0.0,0,0,,,,,,,,,,,,
1,Boston Celtics,15-8,12-1,3-7,11-5,4-3,7-4,4-1,,,4-3,,3-2,7-2,4-1,8-5,3-2,1984,15.0,1,1,,,,,,,,,,,,
2,Los Angeles Lakers,14-7,9-2,5-5,3-4,11-3,3-4,,,,4-2,,1-1,9-2,4-0,8-4,2-3,1984,14.0,0,1,,,,,7-1,,,,,,,
3,Phoenix Suns,9-8,5-3,4-5,,9-8,,,,,5-6,,2-2,3-5,3-3,6-5,,1984,9.0,0,0,,,,,4-2,,,,,,,
4,Milwaukee Bucks,8-8,6-2,2-6,8-8,,5-6,3-2,,,,,1-1,4-2,3-3,5-5,,1984,8.0,0,0,,,,,,,,,,,,
5,New York Knicks,6-6,4-1,2-5,6-6,,3-4,3-2,,,,,2-0,0-4,3-3,3-3,,1984,6.0,0,0,,,,,,,,,,,,
6,New Jersey Nets,5-6,1-4,4-2,5-6,,3-2,2-4,,,,,1-1,2-1,4-2,1-4,,1984,5.0,0,0,,,,,,,,,,,,
7,Utah Jazz,5-6,4-2,1-4,,5-6,,,,,2-4,,1-1,3-3,4-2,1-4,,1984,5.0,0,0,,,,,3-2,,,,,,,
8,Dallas Mavericks,4-6,3-2,1-4,,4-6,,,,,4-6,,2-1,2-4,3-3,1-3,,1984,4.0,0,0,,,,,,,,,,,,
9,Atlanta Hawks,2-3,2-0,0-3,2-3,,,2-3,,,,,1-0,0-3,2-3,,,1984,2.0,0,0,,,,,,,,,,,,
10,Denver Nuggets,2-3,1-1,1-2,,2-3,,,,,,,0-1,1-1,2-3,,,1984,2.0,0,0,,,,,2-3,,,,,,,
11,Detroit Pistons,2-3,1-2,1-1,2-3,,2-3,,,,,,0-1,,2-3,,,1984,2.0,0,0,,,,,,,,,,,,
12,Philadelphia 76ers,2-3,0-3,2-0,2-3,,2-3,,,,,,0-1,0-2,2-3,,,1984,2.0,0,0,,,,,,,,,,,,
13,Portland Trail Blazers,2-3,1-2,1-1,,2-3,,,,,2-3,,1-1,0-1,2-3,,,1984,2.0,0,0,,,,,,,,,,,,
14,Seattle SuperSonics,2-3,1-1,1-2,,2-3,,,,,,,1-2,1-1,2-3,,,1984,2.0,0,0,,,,,2-3,,,,,,,
15,Washington Bullets,1-3,1-1,0-2,1-3,,1-3,,,,,,1-2,,1-3,,,1984,1.0,0,0,,,,,,,,,,,,
16,Kansas City Kings,0-3,0-1,0-2,,0-3,,,,,0-3,,,0-1,0-3,,,1984,0.0,0,0,,,,,,,,,,,,
1,Philadelphia 76ers,12-1,7-0,5-1,8-1,4-0,4-0,4-1,,,4-0,,3-0,4-0,3-0,9-1,,1983,12.0,1,1,,,,,,,8.0,1.0,4.0,0.0,9.0,4.0
2,Los Angeles Lakers,8-7,4-4,4-3,0-4,8-3,0-4,,,,4-1,,1-0,3-3,3-0,5-7,,1983,8.0,0,1,,,,,4-2,,0.0,4.0,8.0,3.0,4.0,11.0
3,San Antonio Spurs,6-5,3-3,3-2,,6-5,,,,,2-4,,1-1,3-3,3-0,3-5,,1983,6.0,0,0,,,,,4-1,,,,6.0,5.0,,11.0
4,Milwaukee Bucks,5-4,3-1,2-3,5-4,,5-4,,,,,,0-1,2-1,2-0,3-4,,1983,5.0,0,0,,,,,,,5.0,4.0,,,9.0,
5,Denver Nuggets,3-5,2-1,1-4,,3-5,,,,,2-1,,0-1,2-4,2-4,1-1,,1983,3.0,0,0,,,,,1-4,,,,3.0,5.0,,8.0
6,Portland Trail Blazers,3-4,2-1,1-3,,3-4,,,,,3-4,,,2-1,2-3,1-1,,1983,3.0,0,0,,,,,,,,,3.0,4.0,,7.0
7,Boston Celtics,2-5,2-2,0-3,2-5,,,2-5,,,,,0-1,1-2,2-3,0-2,,1983,2.0,0,0,,,,,,,2.0,5.0,,,7.0,
8,New York Knicks,2-4,1-2,1-2,2-4,,2-4,,,,,,0-2,1-1,2-3,0-1,,1983,2.0,0,0,,,,,,,2.0,4.0,,,6.0,
9,Atlanta Hawks,1-2,1-0,0-2,1-2,,1-2,,,,,,1-0,0-1,1-2,,,1983,1.0,0,0,,,,,,,1.0,2.0,,,3.0,
10,Phoenix Suns,1-2,1-1,0-1,,1-2,,,,,,,,1-1,1-2,,,1983,1.0,0,0,,,,,1-2,,,,1.0,2.0,,3.0
11,New Jersey Nets,0-2,0-1,0-1,0-2,,0-2,,,,,,,0-1,0-2,,,1983,0.0,0,0,,,,,,,0.0,2.0,,,2.0,
12,Seattle SuperSonics,0-2,0-1,0-1,,0-2,,,,,0-2,,,0-1,0-2,,,1983,0.0,0,0,,,,,,,,,0.0,2.0,,2.0
1,Los Angeles Lakers,12-2,7-0,5-2,4-2,8-0,4-2,,,,4-0,,,7-2,3-0,6-1,3-1,1982,12.0,1,1,,,,,4-0,,4.0,2.0,8.0,0.0,6.0,8.0
2,Philadelphia 76ers,12-9,7-3,5-6,10-5,2-4,4-3,6-2,,,2-4,,3-1,7-7,4-0,7-6,1-3,1982,12.0,0,1,,,,,,,10.0,5.0,2.0,4.0,15.0,6.0
3,Boston Celtics,7-5,4-3,3-2,7-5,,7-5,,,,,,0-2,4-2,1-1,6-4,,1982,7.0,0,0,,,,,,,7.0,5.0,,,12.0,
4,San Antonio Spurs,4-5,2-2,2-3,,4-5,,,,,4-5,,3-0,0-3,2-1,2-4,,1982,4.0,0,0,,,,,,,,,4.0,5.0,,9.0
5,Seattle SuperSonics,3-5,3-2,0-3,,3-5,,,,,,,0-3,3-1,3-3,0-2,,1982,3.0,0,0,,,,,3-5,,,,3.0,5.0,,8.0
6,Washington Bullets,3-4,1-2,2-2,3-4,,3-4,,,,,,1-0,2-1,3-1,0-3,,1982,3.0,0,0,,,,,,,3.0,4.0,,,7.0,
7,Milwaukee Bucks,2-4,1-2,1-2,2-4,,2-4,,,,,,1-1,1-2,0-2,2-2,,1982,2.0,0,0,,,,,,,2.0,4.0,,,6.0,
8,Phoenix Suns,2-5,1-2,1-3,,2-5,,,,,0-4,,,1-3,2-4,0-1,,1982,2.0,0,0,,,,,2-1,,,,2.0,5.0,,7.0
9,Denver Nuggets,1-2,1-1,0-1,,1-2,,,,,1-2,,,1-1,1-2,,,1982,1.0,0,0,,,,,,,,,1.0,2.0,,3.0
10,Houston Rockets,1-2,1-0,0-2,,1-2,,,,,1-2,,,1-2,1-2,,,1982,1.0,0,0,,,,,,,,,1.0,2.0,,3.0
11,Atlanta Hawks,0-2,0-1,0-1,0-2,,0-2,,,,,,0-1,0-1,0-2,,,1982,0.0,0,0,,,,,,,0.0,2.0,,,2.0,
12,New Jersey Nets,0-2,0-1,0-1,0-2,,0-2,,,,,,,0-2,0-2,,,1982,0.0,0,0,,,,,,,0.0,2.0,,,2.0,
1,Boston Celtics,12-5,7-2,5-3,8-3,4-2,4-3,4-0,,,,,4-3,5-1,6-3,6-2,,1981,12.0,1,1,,,,,4-2,,8.0,3.0,4.0,2.0,11.0,6.0
2,Houston Rockets,12-9,4-5,8-4,2-4,10-5,2-4,,,,2-1,,2-2,3-4,10-5,2-4,,1981,12.0,0,1,,,,,8-4,,2.0,4.0,10.0,5.0,6.0,15.0
3,Philadelphia 76ers,9-7,6-2,3-5,9-7,,3-4,6-3,,,,,4-3,4-4,8-5,0-2,,1981,9.0,0,0,,,,,,1-0,9.0,7.0,,,16.0,
4,Kansas City Kings,7-8,3-4,4-4,,7-8,,,,,6-4,,2-0,0-4,7-8,,,1981,7.0,0,0,,,,,1-4,,,,7.0,8.0,,15.0
5,Milwaukee Bucks,3-4,2-1,1-3,3-4,,3-4,,,,,,0-2,3-1,3-4,,,1981,3.0,0,0,,,,,,,3.0,4.0,,,7.0,
6,Phoenix Suns,3-4,2-2,1-2,,3-4,,,,,,,0-1,2-0,3-4,,,1981,3.0,0,0,,,,,3-4,,,,3.0,4.0,,7.0
7,San Antonio Spurs,3-4,1-3,2-1,,3-4,,,,,,,1-0,1-1,3-4,,,1981,3.0,0,0,,,,,3-4,,,,3.0,4.0,,7.0
8,Chicago Bulls,2-4,1-2,1-2,2-4,,2-4,,,,,,1-0,1-1,1-4,,,1981,2.0,0,0,,,,,,1-0,2.0,4.0,,,6.0,
9,Los Angeles Lakers,1-2,0-2,1-0,,1-2,,,,,,,0-1,,1-2,,,1981,1.0,0,0,,,,,1-2,,,,1.0,2.0,,3.0
10,Portland Trail Blazers,1-2,0-2,1-0,,1-2,,,,,,,0-1,,1-2,,,1981,1.0,0,0,,,,,1-2,,,,1.0,2.0,,3.0
11,Indiana Pacers,0-2,0-1,0-1,0-2,,0-2,,,,,,,0-2,0-1,,,1981,0.0,0,0,,,,,,0-1,0.0,2.0,,,2.0,
12,New York Knicks,0-2,0-1,0-1,0-2,,,0-2,,,,,0-1,0-1,0-1,,,1981,0.0,0,0,,,,,,0-1,0.0,2.0,,,2.0,
1,Los Angeles Lakers,12-4,7-2,5-2,4-2,8-2,4-2,,,,8-2,,2-3,3-1,8-2,4-2,,1980,12.0,1,1,,,,,,,4.0,2.0,8.0,2.0,6.0,10.0
2,Philadelphia 76ers,12-6,7-2,5-4,10-2,2-4,6-1,4-1,,,2-4,,5-0,4-3,10-2,2-4,,1980,12.0,0,1,,,,,,,10.0,2.0,2.0,4.0,12.0,6.0
3,Seattle SuperSonics,7-8,4-4,3-4,,7-8,,,,,3-5,,3-1,2-2,7-8,,,1980,7.0,0,0,,,,,4-3,,,,7.0,8.0,,15.0
4,Boston Celtics,5-4,3-2,2-2,5-4,,1-4,4-0,,,,,0-2,4-2,5-4,,,1980,5.0,0,0,,,,,,,5.0,4.0,,,9.0,
5,Milwaukee Bucks,3-4,1-2,2-2,,3-4,,,,,3-4,,1-2,1-0,3-4,,,1980,3.0,0,0,,,,,,,,,3.0,4.0,,7.0
6,Phoenix Suns,3-5,3-1,0-4,,3-5,,,,,1-4,,1-2,2-2,3-5,,,1980,3.0,0,0,,,,,2-1,,,,3.0,5.0,,8.0
7,Houston Rockets,2-5,2-2,0-3,2-5,,0-4,2-1,,,,,,2-4,2-5,,,1980,2.0,0,0,,,,,,,2.0,5.0,,,7.0,
8,Atlanta Hawks,1-4,1-1,0-3,1-4,,1-4,,,,,,0-1,1-1,1-4,,,1980,1.0,0,0,,,,,,,1.0,4.0,,,5.0,
9,Kansas City Kings,1-2,1-0,0-2,,1-2,,,,,1-2,,0-1,1-1,1-2,,,1980,1.0,0,0,,,,,,,,,1.0,2.0,,3.0
10,Portland Trail Blazers,1-2,1-0,0-2,,1-2,,,,,1-2,,,1-2,1-2,,,1980,1.0,0,0,,,,,,,,,1.0,2.0,,3.0
11,San Antonio Spurs,1-2,1-0,0-2,1-2,,,1-2,,,,,,0-2,1-2,,,1980,1.0,0,0,,,,,,,1.0,2.0,,,3.0,
12,Washington Bullets,0-2,0-1,0-1,0-2,,0-2,,,,,,,0-1,0-2,,,1980,0.0,0,0,,,,,,,0.0,2.0,,,2.0,
1,Seattle SuperSonics,12-5,8-1,4-4,4-1,8-4,4-1,,,,8-4,,3-1,4-1,4-1,7-4,1-0,1979,12.0,1,1,,,,,,,4.0,1.0,8.0,4.0,5.0,12.0
3,Washington Bullets,9-10,6-5,3-5,8-6,1-4,,8-6,,,1-4,,3-2,3-5,4-3,5-6,0-1,1979,9.0,0,1,,,,,,,8.0,6.0,1.0,4.0,14.0,5.0
2,Phoenix Suns,9-6,7-1,2-5,,9-6,,,,,5-5,,1-1,5-2,6-2,3-4,,1979,9.0,0,0,,,,,4-1,,,,9.0,6.0,,15.0
4,San Antonio Spurs,7-7,5-2,2-5,7-7,,7-7,,,,,,4-2,3-2,3-3,4-4,,1979,7.0,0,0,,,,,,,7.0,7.0,,,14.0,
5,Atlanta Hawks,5-4,2-2,3-2,5-4,,3-4,2-0,,,,,1-1,1-2,5-4,,,1979,5.0,0,0,,,,,,,5.0,4.0,,,9.0,
6,Philadelphia 76ers,5-4,3-1,2-3,5-4,,2-0,3-4,,,,,1-3,2-1,5-3,0-1,,1979,5.0,0,0,,,,,,,5.0,4.0,,,9.0,
7,Los Angeles Lakers,3-5,2-1,1-4,,3-5,,,,,1-4,,1-1,1-1,3-5,,,1979,3.0,0,0,,,,,2-1,,,,3.0,5.0,,8.0
8,Denver Nuggets,1-2,1-1,0-1,,1-2,,,,,1-2,,0-1,0-1,1-2,,,1979,1.0,0,0,,,,,,,,,1.0,2.0,,3.0
9,Kansas City Kings,1-4,1-1,0-3,,1-4,,,,,1-4,,0-1,1-3,1-4,,,1979,1.0,0,0,,,,,,,,,1.0,4.0,,5.0
10,Portland Trail Blazers,1-2,1-0,0-2,,1-2,,,,,1-2,,,0-1,1-2,,,1979,1.0,0,0,,,,,,,,,1.0,2.0,,3.0
11,Houston Rockets,0-2,0-1,0-1,0-2,,,0-2,,,,,0-1,,0-2,,,1979,0.0,0,0,,,,,,,0.0,2.0,,,2.0,
12,New Jersey Nets,0-2,0-1,0-1,0-2,,0-2,,,,,,,0-1,0-2,,,1979,0.0,0,0,,,,,,,0.0,2.0,,,2.0,
1,Washington Bullets,14-7,9-1,5-6,10-4,4-3,4-2,6-2,,,4-3,,3-1,4-3,7-2,5-4,2-1,1978,14.0,1,1,,,,,,,10.0,4.0,4.0,3.0,14.0,7.0
2,Seattle SuperSonics,13-9,10-2,3-7,3-4,10-5,,3-4,,,6-3,,2-1,6-2,5-3,7-4,1-2,1978,13.0,0,1,,,,,4-2,,3.0,4.0,10.0,5.0,7.0,15.0
3,Denver Nuggets,6-7,5-2,1-5,,6-7,,,,,2-4,,,3-5,3-3,3-4,,1978,6.0,0,0,,,,,4-3,,,,6.0,7.0,,13.0
4,Philadelphia 76ers,6-4,4-1,2-3,6-4,,4-0,2-4,,,,,0-1,4-2,4-1,2-3,,1978,6.0,0,0,,,,,,,6.0,4.0,,,10.0,
5,Milwaukee Bucks,5-4,3-1,2-3,,5-4,,,,,2-0,,,2-3,5-3,0-1,,1978,5.0,0,0,,,,,3-4,,,,5.0,4.0,,9.0
6,New York Knicks,2-4,1-2,1-2,2-4,,0-4,2-0,,,,,1-0,1-3,2-4,,,1978,2.0,0,0,,,,,,,2.0,4.0,,,6.0,
7,Portland Trail Blazers,2-4,2-1,0-3,,2-4,,,,,2-4,,1-1,1-2,2-3,0-1,,1978,2.0,0,0,,,,,,,,,2.0,4.0,,6.0
8,San Antonio Spurs,2-4,2-1,0-3,2-4,,,2-4,,,,,0-2,2-1,2-4,,,1978,2.0,0,0,,,,,,,2.0,4.0,,,6.0,
9,Los Angeles Lakers,1-2,1-0,0-2,,1-2,,,,,1-2,,,0-1,1-2,,,1978,1.0,0,0,,,,,,,,,1.0,2.0,,3.0
10,Atlanta Hawks,0-2,0-1,0-1,0-2,,,0-2,,,,,,,0-2,,,1978,0.0,0,0,,,,,,,0.0,2.0,,,2.0,
11,Cleveland Cavaliers,0-2,0-1,0-1,0-2,,0-2,,,,,,0-1,0-1,0-2,,,1978,0.0,0,0,,,,,,,0.0,2.0,,,2.0,
12,Phoenix Suns,0-2,0-1,0-1,,0-2,,,,,,,,,0-2,,,1978,0.0,0,0,,,,,0-2,,,,0.0,2.0,,2.0
1,Portland Trail Blazers,14-5,10-0,4-5,4-2,10-3,4-2,,,,4-0,,3-1,5-2,5-2,7-3,2-0,1977,14.0,1,1,,,,,6-3,,4.0,2.0,10.0,3.0,6.0,13.0
2,Philadelphia 76ers,10-9,7-3,3-6,8-5,2-4,4-3,4-2,,,2-4,,1-3,5-3,3-3,7-4,0-2,1977,10.0,0,1,,,,,,,8.0,5.0,2.0,4.0,13.0,6.0
3,Houston Rockets,6-6,3-3,3-3,6-6,,2-4,4-2,,,,,1-2,1-3,3-2,3-4,,1977,6.0,0,0,,,,,,,6.0,6.0,,,12.0,
4,Boston Celtics,5-4,3-1,2-3,5-4,,3-4,2-0,,,,,1-0,1-2,5-3,0-1,,1977,5.0,0,0,,,,,,,5.0,4.0,,,9.0,
5,Golden State Warriors,5-5,4-1,1-4,,5-5,,,,,3-4,,,2-1,4-4,1-1,,1977,5.0,0,0,,,,,2-1,,,,5.0,5.0,,10.0
6,Los Angeles Lakers,4-7,4-2,0-5,,4-7,,,,,4-7,,0-1,1-2,3-2,1-5,,1977,4.0,0,0,,,,,,,,,4.0,7.0,,11.0
7,Washington Bullets,4-5,3-2,1-3,4-5,,,4-5,,,,,1-0,1-0,4-4,0-1,,1977,4.0,0,0,,,,,,,4.0,5.0,,,9.0,
8,Denver Nuggets,2-4,2-1,0-3,,2-4,,,,,2-4,,0-1,1-1,1-3,1-1,,1977,2.0,0,0,,,,,,,,,2.0,4.0,,6.0
9,Chicago Bulls,1-2,1-0,0-2,,1-2,,,,,1-2,,1-0,0-1,1-2,,,1977,1.0,0,0,,,,,,,,,1.0,2.0,,3.0
10,Cleveland Cavaliers,1-2,1-0,0-2,1-2,,,1-2,,,,,,,1-2,,,1977,1.0,0,0,,,,,,,1.0,2.0,,,3.0,
11,Detroit Pistons,1-2,0-1,1-1,,1-2,,,,,1-2,,,0-1,1-2,,,1977,1.0,0,0,,,,,,,,,1.0,2.0,,3.0
12,San Antonio Spurs,0-2,0-1,0-1,0-2,,0-2,,,,,,,0-1,0-2,,,1977,0.0,0,0,,,,,,,0.0,2.0,,,2.0,
1,Boston Celtics,12-6,9-0,3-6,8-4,4-2,4-2,4-2,,,4-2,,1-2,4-1,3-2,7-3,2-1,1976,12.0,1,1,,,,,,,8.0,4.0,4.0,2.0,12.0,6.0
2,Phoenix Suns,10-9,7-2,3-7,2-4,8-5,2-4,,,,8-5,,2-2,3-4,4-2,5-5,1-2,1976,10.0,0,1,,,,,,,2.0,4.0,8.0,5.0,6.0,13.0
3,Golden State Warriors,7-6,4-3,3-3,,7-6,,,,,3-4,,1-1,5-1,4-2,3-4,,1976,7.0,0,0,,,,,4-2,,,,7.0,6.0,,13.0
4,Cleveland Cavaliers,6-7,5-2,1-5,6-7,,2-4,4-3,,,,,3-0,2-2,4-3,2-4,,1976,6.0,0,0,,,,,,,6.0,7.0,,,13.0,
5,Buffalo Braves,4-5,2-2,2-3,4-5,,4-5,,,,,,2-0,0-2,4-4,0-1,,1976,4.0,0,0,,,,,,,4.0,5.0,,,9.0,
6,Detroit Pistons,4-5,2-2,2-3,,4-5,,,,,2-4,,2-2,1-3,4-5,,,1976,4.0,0,0,,,,,2-1,,,,4.0,5.0,,9.0
7,Washington Bullets,3-4,2-1,1-3,3-4,,,3-4,,,,,0-3,1-1,3-4,,,1976,3.0,0,0,,,,,,,3.0,4.0,,,7.0,
8,Seattle SuperSonics,2-4,2-1,0-3,,2-4,,,,,2-4,,1-0,0-3,2-4,,,1976,2.0,0,0,,,,,,,,,2.0,4.0,,6.0
9,Milwaukee Bucks,1-2,1-1,0-1,,1-2,,,,,,,1-2,,1-2,,,1976,1.0,0,0,,,,,1-2,,,,1.0,2.0,,3.0
10,Philadelphia 76ers,1-2,0-2,1-0,1-2,,1-2,,,,,,0-1,1-0,1-2,,,1976,1.0,0,0,,,,,,,1.0,2.0,,,3.0,
1,Golden State Warriors,12-5,7-2,5-3,4-0,8-5,,4-0,,,4-2,,2-2,4-2,5-3,7-2,,1975,12.0,1,1,,,,,4-3,,4.0,0.0,8.0,5.0,4.0,13.0
2,Washington Bullets,8-9,6-3,2-6,8-5,0-4,8-5,,,,0-4,,0-2,5-2,6-3,2-6,,1975,8.0,0,1,,,,,,,8.0,5.0,0.0,4.0,13.0,4.0
3,Chicago Bulls,7-6,5-1,2-5,,7-6,,,,,3-4,,2-0,3-2,5-3,2-3,,1975,7.0,0,0,,,,,4-2,,,,7.0,6.0,,13.0
4,Boston Celtics,6-5,5-1,1-4,6-5,,,6-5,,,,,,4-3,4-3,2-2,,1975,6.0,0,0,,,,,,,6.0,5.0,,,11.0,
5,Seattle SuperSonics,4-5,3-2,1-3,,4-5,,,,,2-4,,1-0,2-3,4-5,,,1975,4.0,0,0,,,,,2-1,,,,4.0,5.0,,9.0
6,Buffalo Braves,3-4,2-1,1-3,3-4,,,3-4,,,,,,1-3,3-4,,,1975,3.0,0,0,,,,,,,3.0,4.0,,,7.0,
7,Houston Rockets,3-5,3-1,0-4,3-5,,3-5,,,,,,,3-4,3-5,,,1975,3.0,0,0,,,,,,,3.0,5.0,,,8.0,
8,Kansas City-Omaha Kings,2-4,2-1,0-3,,2-4,,,,,,,0-1,0-2,2-4,,,1975,2.0,0,0,,,,,2-4,,,,2.0,4.0,,6.0
9,Detroit Pistons,1-2,1-0,0-2,,1-2,,,,,1-2,,,1-1,1-2,,,1975,1.0,0,0,,,,,,,,,1.0,2.0,,3.0
10,New York Knicks,1-2,1-0,0-2,1-2,,,1-2,,,,,,1-2,1-2,,,1975,1.0,0,0,,,,,,,1.0,2.0,,,3.0,
1,Boston Celtics,12-6,6-3,6-3,8-3,4-3,8-3,,,,,,2-3,8-1,8-4,3-2,,1974,12.0,1,1,,,,,4-3,1-0,8.0,3.0,4.0,3.0,11.0,7.0
2,Milwaukee Bucks,11-5,6-3,5-2,3-4,8-1,3-4,,,,4-1,,2-1,6-3,7-2,2-3,,1974,11.0,0,1,,,,,4-0,2-0,3.0,4.0,8.0,1.0,7.0,9.0
3,New York Knicks,5-7,3-3,2-4,5-7,,1-4,4-3,,,,,2-0,2-5,4-6,,,1974,5.0,0,0,,,,,,1-1,5.0,7.0,,,12.0,
4,Chicago Bulls,4-7,3-3,1-4,,4-7,,,,,,,2-1,0-4,4-6,,,1974,4.0,0,0,,,,,4-7,0-1,,,4.0,7.0,,11.0
5,Capital Bullets,3-4,2-1,1-3,3-4,,3-4,,,,,,0-1,2-2,2-3,,,1974,3.0,0,0,,,,,,1-1,3.0,4.0,,,7.0,
6,Detroit Pistons,3-4,2-1,1-3,,3-4,,,,,,,0-2,1-0,2-4,,,1974,3.0,0,0,,,,,3-4,1-0,,,3.0,4.0,,7.0
7,Buffalo Braves,2-4,2-1,0-3,2-4,,2-4,,,,,,1-2,1-2,2-3,,,1974,2.0,0,0,,,,,,0-1,2.0,4.0,,,6.0,
8,Los Angeles Lakers,1-4,1-1,0-3,,1-4,,,,,,,1-0,0-3,1-2,,,1974,1.0,0,0,,,,,1-4,0-2,,,1.0,4.0,,5.0
1,New York Knicks,12-5,7-1,5-4,8-4,4-1,4-3,4-1,,,4-1,,0-2,5-2,7-4,4-1,,1973,12.0,1,1,,,,,,1-0,8.0,4.0,4.0,1.0,12.0,5.0
2,Los Angeles Lakers,9-8,8-2,1-6,1-4,8-4,1-4,,,,4-1,,4-0,5-1,7-4,1-4,,1973,9.0,0,1,,,,,4-3,1-0,1.0,4.0,8.0,4.0,5.0,12.0
3,Boston Celtics,7-6,4-3,3-3,7-6,,3-4,4-2,,,,,1-1,5-3,7-6,,,1973,7.0,0,0,,,,,,,7.0,6.0,,,13.0,
4,Golden State Warriors,5-6,3-2,2-4,,5-6,,,,,1-4,,2-1,1-5,5-5,,,1973,5.0,0,0,,,,,4-2,0-1,,,5.0,6.0,,11.0
5,Chicago Bulls,3-4,3-0,0-4,,3-4,,,,,3-4,,0-2,1-2,3-3,,,1973,3.0,0,0,,,,,,0-1,,,3.0,4.0,,7.0
6,Atlanta Hawks,2-4,1-2,1-2,2-4,,2-4,,,,,,1-0,1-3,2-4,,,1973,2.0,0,0,,,,,,,2.0,4.0,,,6.0,
7,Milwaukee Bucks,2-4,1-2,1-2,,2-4,,,,,2-4,,0-2,2-1,1-4,,,1973,2.0,0,0,,,,,,1-0,,,2.0,4.0,,6.0
8,Baltimore Bullets,1-4,1-1,0-3,1-4,,1-4,,,,,,,0-3,1-3,,,1973,1.0,0,0,,,,,,0-1,1.0,4.0,,,5.0,
1,Los Angeles Lakers,12-3,6-2,6-1,4-1,8-2,4-1,,,,,,2-0,6-3,7-3,3-0,,1972,12.0,1,1,,,,,8-2,2-0,4.0,1.0,8.0,2.0,5.0,10.0
2,New York Knicks,9-7,5-2,4-5,8-3,1-4,4-1,4-2,,,1-4,,1-2,5-3,9-3,0-3,,1972,9.0,0,1,,,,,,0-1,8.0,3.0,1.0,4.0,11.0,5.0
3,Milwaukee Bucks,6-5,3-3,3-2,,6-5,,,,,6-5,,0-2,4-2,5-4,,,1972,6.0,0,0,,,,,,1-1,,,6.0,5.0,,11.0
4,Boston Celtics,5-6,4-2,1-4,5-6,,1-4,4-2,,,,,0-2,3-2,4-5,,,1972,5.0,0,0,,,,,,1-1,5.0,6.0,,,11.0,
5,Atlanta Hawks,2-4,2-1,0-3,2-4,,2-4,,,,,,1-0,0-3,1-3,,,1972,2.0,0,0,,,,,,1-1,2.0,4.0,,,6.0,
6,Baltimore Bullets,2-4,2-1,0-3,2-4,,2-4,,,,,,2-0,0-2,1-4,,,1972,2.0,0,0,,,,,,1-0,2.0,4.0,,,6.0,
7,Golden State Warriors,1-4,0-2,1-2,,1-4,,,,,,,,1-2,0-3,,,1972,1.0,0,0,,,,,1-4,1-1,,,1.0,4.0,,5.0
8,Chicago Bulls,0-4,0-2,0-2,,0-4,,,,,0-4,,,0-2,0-2,,,1972,0.0,0,0,,,,,,0-2,,,0.0,4.0,,4.0
1,Milwaukee Bucks,12-2,8-0,4-2,4-0,8-2,,4-0,,,8-2,,0-1,11-1,9-2,,,1971,12.0,1,1,,,,,,3-0,4.0,0.0,8.0,2.0,4.0,10.0
2,Baltimore Bullets,8-10,5-4,3-6,8-6,0-4,8-6,,,,,,1-2,5-5,5-9,,,1971,8.0,0,1,,,,,0-4,3-1,8.0,6.0,0.0,4.0,14.0,4.0
3,New York Knicks,7-5,5-2,2-3,7-5,,,7-5,,,,,1-1,3-3,4-4,,,1971,7.0,0,0,,,,,,3-1,7.0,5.0,,,12.0,
4,Los Angeles Lakers,5-7,5-1,0-6,,5-7,,,,,,,1-0,4-6,3-5,,,1971,5.0,0,0,,,,,5-7,2-2,,,5.0,7.0,,12.0
5,Chicago Bulls,3-4,3-0,0-4,,3-4,,,,,3-4,,0-1,2-3,1-2,,,1971,3.0,0,0,,,,,,2-2,,,3.0,4.0,,7.0
6,Philadelphia 76ers,3-4,1-2,2-2,3-4,,,3-4,,,,,1-0,1-2,2-1,,,1971,3.0,0,0,,,,,,1-3,3.0,4.0,,,7.0,
7,Atlanta Hawks,1-4,0-2,1-2,1-4,,1-4,,,,,,,0-2,0-1,,,1971,1.0,0,0,,,,,,1-3,1.0,4.0,,,5.0,
8,San Francisco Warriors,1-4,1-1,0-3,,1-4,,,,,,,1-0,0-4,1-1,,,1971,1.0,0,0,,,,,1-4,0-3,,,1.0,4.0,,5.0
1,New York Knicks,12-7,9-2,3-5,8-4,4-3,,,,,,,3-1,6-3,8-3,2-2,,1970,12.0,1,1,,,,,,2-2,8.0,4.0,4.0,3.0,12.0,7.0
2,Los Angeles Lakers,11-7,7-2,4-5,3-4,8-3,,,,,,,2-1,7-5,8-4,2-2,,1970,11.0,0,1,,,,,,1-1,3.0,4.0,8.0,3.0,7.0,11.0
3,Milwaukee Bucks,5-5,3-2,2-3,5-5,,,,,,,,0-1,1-2,3-4,,,1970,5.0,0,0,,,,,,2-1,5.0,5.0,,,10.0,
4,Atlanta Hawks,4-5,3-2,1-3,,4-5,,,,,,,0-1,2-3,1-5,,,1970,4.0,0,0,,,,,,3-0,,,4.0,5.0,,9.0
5,Baltimore Bullets,3-4,2-1,1-3,3-4,,,,,,,,0-1,2-2,1-2,,,1970,3.0,0,0,,,,,,2-2,3.0,4.0,,,7.0,
6,Phoenix Suns,3-4,2-1,1-3,,3-4,,,,,,,,3-4,2-3,,,1970,3.0,0,0,,,,,,1-1,,,3.0,4.0,,7.0
7,Chicago Bulls,1-4,1-1,0-3,,1-4,,,,,,,,1-2,1-1,,,1970,1.0,0,0,,,,,,0-3,,,1.0,4.0,,5.0
8,Philadelphia 76ers,1-4,0-2,1-2,1-4,,,,,,,,,0-1,0-2,,,1970,1.0,0,0,,,,,,1-2,1.0,4.0,,,5.0,
1,Boston Celtics,12-6,7-1,5-5,8-3,4-3,,,,,,,5-2,3-2,7-5,2-1,,1969,12.0,1,1,,,,,,3-0,8.0,3.0,4.0,3.0,11.0,7.0
2,Los Angeles Lakers,11-7,7-3,4-4,3-4,8-3,,,,,,,3-2,5-1,9-3,1-2,,1969,11.0,0,1,,,,,,1-2,3.0,4.0,8.0,3.0,7.0,11.0
3,New York Knicks,6-4,4-1,2-3,6-4,,,,,,,,1-2,3-1,3-4,,,1969,6.0,0,0,,,,,,3-0,6.0,4.0,,,10.0,
4,Atlanta Hawks,5-6,4-1,1-5,,5-6,,,,,,,2-3,2-1,3-6,,,1969,5.0,0,0,,,,,,2-0,,,5.0,6.0,,11.0
5,San Diego Rockets,2-4,2-1,0-3,,2-4,,,,,,,1-2,0-1,2-2,,,1969,2.0,0,0,,,,,,0-2,,,2.0,4.0,,6.0
6,San Francisco Warriors,2-4,0-3,2-1,,2-4,,,,,,,,0-3,0-3,,,1969,2.0,0,0,,,,,,2-1,,,2.0,4.0,,6.0
7,Philadelphia 76ers,1-4,0-3,1-1,1-4,,,,,,,,1-1,0-2,1-1,,,1969,1.0,0,0,,,,,,0-3,1.0,4.0,,,5.0,
8,Baltimore Bullets,0-4,0-2,0-2,0-4,,,,,,,,0-1,0-2,0-1,,,1969,0.0,0,0,,,,,,0-3,0.0,4.0,,,4.0,
1,Boston Celtics,12-7,5-4,7-3,8-5,4-2,,,,,,,1-0,4-4,8-5,1-0,,1968,12.0,1,1,,,,,,3-2,8.0,5.0,4.0,2.0,13.0,6.0
2,Los Angeles Lakers,10-5,6-2,4-3,2-4,8-1,,,,,,,1-1,4-1,6-3,0-1,,1968,10.0,0,1,,,,,,4-1,2.0,4.0,8.0,1.0,6.0,9.0
3,Philadelphia 76ers,7-6,4-3,3-3,7-6,,,,,,,,,2-2,4-4,,,1968,7.0,0,0,,,,,,3-2,7.0,6.0,,,13.0,
4,San Francisco Warriors,4-6,3-2,1-4,,4-6,,,,,,,1-1,1-2,1-4,,,1968,4.0,0,0,,,,,,3-2,,,4.0,6.0,,10.0
5,Detroit Pistons,2-4,1-2,1-2,2-4,,,,,,,,,2-2,0-1,,,1968,2.0,0,0,,,,,,2-3,2.0,4.0,,,6.0,
6,New York Knicks,2-4,2-1,0-3,2-4,,,,,,,,,1-2,0-1,,,1968,2.0,0,0,,,,,,2-3,2.0,4.0,,,6.0,
7,St. Louis Hawks,2-4,2-1,0-3,,2-4,,,,,,,0-1,1-1,0-1,,,1968,2.0,0,0,,,,,,2-3,,,2.0,4.0,,6.0
8,Chicago Bulls,1-4,1-1,0-3,,1-4,,,,,,,,0-1,,,,1968,1.0,0,0,,,,,,1-4,,,1.0,4.0,,5.0
1,Philadelphia 76ers,11-4,6-2,5-2,7-2,4-2,,,,,,,1-0,8-0,7-3,,,1967,11.0,1,1,,,,,,4-1,7.0,2.0,4.0,2.0,9.0,6.0
2,San Francisco Warriors,9-6,6-2,3-4,2-4,7-2,,,,,,,1-1,3-2,5-6,,,1967,9.0,0,1,,,,,,4-0,2.0,4.0,7.0,2.0,6.0,9.0
3,St. Louis Hawks,5-4,4-1,1-3,,5-4,,,,,,,0-1,2-1,2-3,,,1967,5.0,0,0,,,,,,3-1,,,5.0,4.0,,9.0
4,Boston Celtics,4-5,2-2,2-3,4-5,,,,,,,,,1-4,1-3,,,1967,4.0,0,0,,,,,,3-2,4.0,5.0,,,9.0,
5,Cincinnati Royals,1-3,0-2,1-1,1-3,,,,,,,,,0-3,,,,1967,1.0,0,0,,,,,,1-3,1.0,3.0,,,4.0,
6,New York Knicks,1-3,0-2,1-1,1-3,,,,,,,,,1-1,,,,1967,1.0,0,0,,,,,,1-3,1.0,3.0,,,4.0,
7,Chicago Bulls,0-3,0-1,0-2,,0-3,,,,,,,,0-2,,,,1967,0.0,0,0,,,,,,0-3,,,0.0,3.0,,3.0
8,Los Angeles Lakers,0-3,0-1,0-2,,0-3,,,,,,,,0-2,,,,1967,0.0,0,0,,,,,,0-3,,,0.0,3.0,,3.0
1,Boston Celtics,11-6,5-4,6-2,7-3,4-3,,,,,,,1-0,5-0,9-4,,,1966,11.0,1,1,,,,,,2-2,7.0,3.0,4.0,3.0,10.0,7.0
2,Los Angeles Lakers,7-7,4-3,3-4,3-4,4-3,,,,,,,0-1,2-3,7-7,,,1966,7.0,0,1,,,,,,,3.0,4.0,4.0,3.0,7.0,7.0
3,St. Louis Hawks,6-4,3-1,3-3,,6-4,,,,,,,1-0,1-2,3-4,,,1966,6.0,0,0,,,,,,3-0,,,6.0,4.0,,10.0
4,Cincinnati Royals,2-3,0-2,2-1,2-3,,,,,,,,,0-1,0-1,,,1966,2.0,0,0,,,,,,2-2,2.0,3.0,,,5.0,
5,Philadelphia 76ers,1-4,1-2,0-2,1-4,,,,,,,,,0-2,1-4,,,1966,1.0,0,0,,,,,,,1.0,4.0,,,5.0,
6,Baltimore Bullets,0-3,0-2,0-1,,0-3,,,,,,,0-1,,,,,1966,0.0,0,0,,,,,,0-3,,,0.0,3.0,,3.0
1,Boston Celtics,8-4,7-0,1-4,4-3,4-1,,,,,,,1-1,5-1,8-4,,,1965,8.0,1,1,,,,,,,4.0,3.0,4.0,1.0,7.0,5.0
4,Los Angeles Lakers,5-6,4-1,1-5,1-4,4-2,,,,,,,2-1,1-3,5-6,,,1965,5.0,0,1,,,,,,,1.0,4.0,4.0,2.0,5.0,6.0
2,Philadelphia 76ers,6-5,4-1,2-4,6-5,,,,,,,,2-2,1-2,3-4,,,1965,6.0,0,0,,,,,,3-1,6.0,5.0,,,11.0,
3,Baltimore Bullets,5-5,4-1,1-4,,5-5,,,,,,,2-2,1-1,2-4,,,1965,5.0,0,0,,,,,,3-1,,,5.0,5.0,,10.0
5,Cincinnati Royals,1-3,0-2,1-1,1-3,,,,,,,,1-1,0-1,,,,1965,1.0,0,0,,,,,,1-3,1.0,3.0,,,4.0,
6,St. Louis Hawks,1-3,1-1,0-2,,1-3,,,,,,,0-1,1-1,,,,1965,1.0,0,0,,,,,,1-3,,,1.0,3.0,,4.0
1,Boston Celtics,8-2,6-0,2-2,4-1,4-1,,,,,,,1-0,6-1,7-2,,,1964,8.0,1,1,,,,,,1-0,4.0,1.0,4.0,1.0,5.0,5.0
3,San Francisco Warriors,5-7,4-2,1-5,1-4,4-3,,,,,,,1-1,4-3,5-7,,,1964,5.0,0,1,,,,,,,1.0,4.0,4.0,3.0,5.0,7.0
2,St. Louis Hawks,6-6,5-1,1-5,,6-6,,,,,,,0-2,4-3,3-4,,,1964,6.0,0,0,,,,,,3-2,,,6.0,6.0,,12.0
4,Cincinnati Royals,4-6,4-1,0-5,4-6,,,,,,,,,2-4,1-3,,,1964,4.0,0,0,,,,,,3-3,4.0,6.0,,,10.0,
5,Los Angeles Lakers,2-3,2-0,0-3,,2-3,,,,,,,1-0,0-3,,,,1964,2.0,0,0,,,,,,2-3,,,2.0,3.0,,5.0
6,Philadelphia 76ers,2-3,2-0,0-3,2-3,,,,,,,,,0-2,,,,1964,2.0,0,0,,,,,,2-3,2.0,3.0,,,5.0,
1,Boston Celtics,8-5,4-3,4-2,4-3,4-2,,,,,,,3-1,3-2,7-3,,,1963,8.0,1,1,,,,,,1-2,4.0,3.0,4.0,2.0,7.0,6.0
3,Los Angeles Lakers,6-7,5-2,1-5,2-4,4-3,,,,,,,1-3,3-2,5-7,,,1963,6.0,0,1,,,,,,1-0,2.0,4.0,4.0,3.0,6.0,7.0
2,Cincinnati Royals,6-6,3-2,3-4,6-6,,,,,,,,1-1,2-3,1-3,,,1963,6.0,0,0,,,,,,5-3,6.0,6.0,,,12.0,
4,St. Louis Hawks,6-5,5-0,1-5,,6-5,,,,,,,0-1,4-2,3-3,,,1963,6.0,0,0,,,,,,3-2,,,6.0,5.0,,11.0
5,Syracuse Nationals,2-3,2-1,0-2,2-3,,,,,,,,1-0,0-1,,,,1963,2.0,0,0,,,,,,2-3,2.0,3.0,,,5.0,
6,Detroit Pistons,1-3,1-1,0-2,,1-3,,,,,,,,0-2,,,,1963,1.0,0,0,,,,,,1-3,,,1.0,3.0,,4.0
1,Boston Celtics,8-6,6-2,2-4,4-3,4-3,,,,,,,2-1,6-1,6-4,,,1962,8.0,1,1,,,,,,2-2,4.0,3.0,4.0,3.0,7.0,7.0
2,Los Angeles Lakers,7-6,3-3,4-3,3-4,4-2,,,,,,,1-2,2-3,4-4,,,1962,7.0,0,1,,,,,,3-2,3.0,4.0,4.0,2.0,7.0,6.0
3,Philadelphia Warriors,6-6,5-1,1-5,6-6,,,,,,,,0-2,3-3,1-2,,,1962,6.0,0,0,,,,,,5-4,6.0,6.0,,,12.0,
4,Detroit Pistons,5-5,3-2,2-3,,5-5,,,,,,,3-0,1-3,0-1,,,1962,5.0,0,0,,,,,,5-4,,,5.0,5.0,,10.0
5,Syracuse Nationals,2-3,1-1,1-2,2-3,,,,,,,,1-0,0-2,,,,1962,2.0,0,0,,,,,,2-3,2.0,3.0,,,5.0,
6,Cincinnati Royals,1-3,1-1,0-2,,1-3,,,,,,,0-2,1-1,,,,1962,1.0,0,0,,,,,,1-3,,,1.0,3.0,,4.0
1,Boston Celtics,8-2,6-0,2-2,4-1,4-1,,,,,,,,6-1,4-1,,,1961,8.0,1,1,,,,,,4-1,4.0,1.0,4.0,1.0,5.0,5.0
3,St. Louis Hawks,5-7,3-3,2-4,1-4,4-3,,,,,,,3-0,1-2,2-4,,,1961,5.0,0,1,,,,,,3-3,1.0,4.0,4.0,3.0,5.0,7.0
2,Los Angeles Lakers,6-6,4-2,2-4,,6-6,,,,,,,0-3,2-2,0-1,,,1961,6.0,0,0,,,,,,6-5,,,6.0,6.0,,12.0
4,Syracuse Nationals,4-4,2-1,2-3,4-4,,,,,,,,2-0,1-4,,,,1961,4.0,0,0,,,,,,4-4,4.0,4.0,,,8.0,
5,Detroit Pistons,2-3,2-0,0-3,,2-3,,,,,,,,1-2,,,,1961,2.0,0,0,,,,,,2-3,,,2.0,3.0,,5.0
6,Philadelphia Warriors,0-3,0-2,0-1,0-3,,,,,,,,0-2,,,,,1961,0.0,0,0,,,,,,0-3,0.0,3.0,,,3.0,
1,Boston Celtics,8-5,5-2,3-3,4-2,4-3,,,,,,,1-1,5-3,3-2,,,1960,8.0,1,1,,,,,,5-3,4.0,2.0,4.0,3.0,6.0,7.0
2,St. Louis Hawks,7-7,4-3,3-4,3-4,4-3,,,,,,,1-1,5-4,2-3,,,1960,7.0,0,1,,,,,,5-4,3.0,4.0,4.0,3.0,7.0,7.0
3,Minneapolis Lakers,5-4,2-2,3-2,,5-4,,,,,,,2-0,1-3,,,,1960,5.0,0,0,,,,,,5-4,,,5.0,4.0,,9.0
4,Philadelphia Warriors,4-5,3-2,1-3,4-5,,,,,,,,0-1,3-1,,,,1960,4.0,0,0,,,,,,4-5,4.0,5.0,,,9.0,
5,Syracuse Nationals,1-2,1-0,0-2,1-2,,,,,,,,,0-2,,,,1960,1.0,0,0,,,,,,1-2,1.0,2.0,,,3.0,
6,Detroit Pistons,0-2,0-1,0-1,,0-2,,,,,,,0-1,0-1,,,,1960,0.0,0,0,,,,,,0-2,,,0.0,2.0,,2.0
